Unnamed: 0,Unnamed: 1,Unnamed: 2,01/16/2013,02/14/2013,03/16/2013,04/15/2013,05/16/2013,06/15/2013,07/16/2013,08/16/2013,09/15/2013,10/16/2013,11/15/2013,12/16/2013,01/16/2014,02/14/2014,03/16/2014,04/15/2014,05/16/2014,06/15/2014,07/16/2014,08/16/2014,09/15/2014,10/16/2014,11/15/2014,12/16/2014,01/16/2015,02/14/2015,03/16/2015,04/15/2015,05/16/2015,06/15/2015,07/16/2015,08/16/2015,09/15/2015,10/16/2015,11/15/2015,12/16/2015,01/16/2016,02/15/2016,03/16/2016,04/15/2016,05/16/2016,06/15/2016,07/16/2016,08/16/2016,09/15/2016,10/16/2016,11/15/2016,12/16/2016,01/16/2017,02/14/2017,03/16/2017,04/15/2017,05/16/2017,06/15/2017,07/16/2017,08/16/2017,09/15/2017,10/16/2017,11/15/2017,12/16/2017,01/16/2018,02/14/2018,03/16/2018,04/15/2018,05/16/2018,06/15/2018,07/16/2018,08/16/2018,09/15/2018,10/16/2018,11/15/2018,12/16/2018,01/16/2019,02/14/2019,03/16/2019,04/15/2019,05/16/2019,06/15/2019,07/16/2019,08/16/2019,09/15/2019,10/16/2019,11/15/2019,12/16/2019,01/16/2020,02/15/2020,03/16/2020,04/15/2020,05/16/2020,06/15/2020,07/16/2020,08/16/2020,09/15/2020,10/16/2020,11/15/2020,12/16/2020,01/16/2021,02/14/2021,03/16/2021,04/15/2021,05/16/2021,06/15/2021,07/16/2021,08/16/2021,09/15/2021,10/16/2021,11/15/2021,12/16/2021,01/16/2022,02/14/2022,03/16/2022,04/15/2022,05/16/2022,06/15/2022,07/16/2022,08/16/2022,09/15/2022,10/16/2022,11/15/2022,12/16/2022,01/16/2023,02/14/2023,03/16/2023,04/15/2023,05/16/2023,06/15/2023,07/16/2023,08/16/2023,09/15/2023,10/16/2023,11/15/2023,12/16/2023
1,52.625,21.375,8.83,10.27,14.63,18.99,11.86,7.52,3.24,3.11,3.0,2.87,4.09,7.23,9.7,10.14,10.6,9.32,6.78,4.43,1.3,-1.84,-0.73,-2.02,-4.49,-0.74,3.23,5.21,6.21,4.38,1.31,-2.62,-6.69,-10.97,-16.16,-11.81,-7.59,-3.24,-9.54,1.0,2.86,1.02,-0.87,-4.59,-4.88,-8.07,-6.01,-2.82,0.27,3.04,5.45,6.56,7.48,7.75,3.73,0.31,2.9,7.36,8.8,10.8,11.57,7.27,2.27,-0.81,-3.07,-2.75,-0.0,-2.52,-1.17,-1.06,-0.96,-0.86,-0.02,-3.89,1.39,3.87,3.37,0.2,2.28,-2.56,-8.97,-9.26,-12.06,-9.67,-9.33,-9.59,-5.85,-4.81,0.14,1.07,-0.22,-2.93,-7.43,-10.23,-7.66,-7.81,-3.17,-3.52,0.98,5.54,6.29,4.66,0.68,-5.01,-9.24,-3.54,-1.6,-4.77,-7.27,1.68,3.51,8.5,7.43,6.26,1.21,-0.94,-1.28,-4.34,-8.06,-6.64,-6.53,-2.0,4.68,5.51,5.33,12.21,1.98,-6.3,-8.49,-7.26,-15.61,-9.7,-5.95,-1.34
2,52.375,21.375,8.83,10.27,14.63,18.99,11.86,7.52,3.24,3.11,3.0,2.87,4.09,7.23,9.7,10.14,10.6,9.32,6.78,4.43,1.3,-1.84,-0.73,-2.02,-4.49,-0.74,3.23,5.21,6.21,4.38,1.31,-2.62,-6.69,-10.97,-16.16,-11.81,-7.59,-3.24,-9.54,1.0,2.86,1.02,-0.87,-4.59,-4.88,-8.07,-6.01,-2.82,0.27,3.04,5.45,6.56,7.48,7.75,3.73,0.31,2.9,7.36,8.8,10.8,11.57,7.27,2.27,-0.81,-3.07,-2.75,-0.0,-2.52,-1.17,-1.06,-0.96,-0.86,-0.02,-3.89,1.39,3.87,3.37,0.2,2.28,-2.56,-8.97,-9.26,-12.06,-9.67,-9.33,-9.59,-5.85,-4.81,0.14,1.07,-0.22,-2.93,-7.43,-10.23,-7.66,-7.81,-3.17,-3.52,0.98,5.54,6.29,4.66,0.68,-5.01,-9.24,-3.54,-1.6,-4.77,-7.27,1.68,3.51,8.5,7.43,6.26,1.21,-0.94,-1.28,-4.34,-8.06,-6.64,-6.53,-2.0,4.68,5.51,5.33,12.21,1.98,-6.3,-8.49,-7.26,-15.61,-9.7,-5.95,-1.34
3,52.875,21.625,7.72,8.86,11.62,14.38,8.95,4.27,2.5,1.88,1.27,0.64,1.93,4.87,8.41,8.47,8.53,7.63,5.42,2.41,-0.96,-4.32,-2.64,-3.97,-7.23,-2.54,2.41,4.61,5.28,3.23,0.51,-2.56,-5.74,-9.25,-13.21,-8.83,-4.61,-0.23,-5.76,1.55,2.65,0.37,-1.98,-4.7,-4.36,-6.15,-4.74,-2.64,-0.6,2.09,4.93,5.7,6.1,6.25,3.53,-0.65,0.39,4.49,5.63,7.71,9.0,5.87,2.06,-0.91,-2.8,-1.7,-0.1,-1.56,-0.75,-0.76,-0.77,-0.78,0.43,-3.59,2.55,4.49,5.31,4.8,1.84,-2.08,-5.94,-7.72,-8.19,-5.03,-5.53,-5.3,-1.43,2.64,8.82,5.7,3.29,0.17,-7.06,-8.63,-5.92,-9.66,-3.05,-4.18,-0.11,5.12,5.44,3.96,2.62,-2.8,-9.41,-4.16,-1.84,-6.36,-4.84,1.73,2.93,7.08,8.09,6.02,1.94,-1.07,-0.91,-4.08,-6.65,-6.02,-4.18,-2.61,3.86,4.14,4.58,5.39,0.18,-9.27,-10.73,-7.14,-12.35,-6.98,-6.65,-2.77
4,52.625,21.625,8.83,10.27,14.63,18.99,11.86,7.52,3.24,3.11,3.0,2.87,4.09,7.23,9.7,10.14,10.6,9.32,6.78,4.43,1.3,-1.84,-0.73,-2.02,-4.49,-0.74,3.23,5.21,6.21,4.38,1.31,-2.62,-6.69,-10.97,-16.16,-11.81,-7.59,-3.24,-9.54,1.0,2.86,1.02,-0.87,-4.59,-4.88,-8.07,-6.01,-2.82,0.27,3.04,5.45,6.56,7.48,7.75,3.73,0.31,2.9,7.36,8.8,10.8,11.57,7.27,2.27,-0.81,-3.07,-2.75,-0.0,-2.52,-1.17,-1.06,-0.96,-0.86,-0.02,-3.89,1.39,3.87,3.37,0.2,2.28,-2.56,-8.97,-9.26,-12.06,-9.67,-9.33,-9.59,-5.85,-4.81,0.14,1.07,-0.22,-2.93,-7.43,-10.23,-7.66,-7.81,-3.17,-3.52,0.98,5.54,6.29,4.66,0.68,-5.01,-9.24,-3.54,-1.6,-4.77,-7.27,1.68,3.51,8.5,7.43,6.26,1.21,-0.94,-1.28,-4.34,-8.06,-6.64,-6.53,-2.0,4.68,5.51,5.33,12.21,1.98,-6.3,-8.49,-7.26,-15.61,-9.7,-5.95,-1.34
5,52.375,21.625,8.83,10.27,14.63,18.99,11.86,7.52,3.24,3.11,3.0,2.87,4.09,7.23,9.7,10.14,10.6,9.32,6.78,4.43,1.3,-1.84,-0.73,-2.02,-4.49,-0.74,3.23,5.21,6.21,4.38,1.31,-2.62,-6.69,-10.97,-16.16,-11.81,-7.59,-3.24,-9.54,1.0,2.86,1.02,-0.87,-4.59,-4.88,-8.07,-6.01,-2.82,0.27,3.04,5.45,6.56,7.48,7.75,3.73,0.31,2.9,7.36,8.8,10.8,11.57,7.27,2.27,-0.81,-3.07,-2.75,-0.0,-2.52,-1.17,-1.06,-0.96,-0.86,-0.02,-3.89,1.39,3.87,3.37,0.2,2.28,-2.56,-8.97,-9.26,-12.06,-9.67,-9.33,-9.59,-5.85,-4.81,0.14,1.07,-0.22,-2.93,-7.43,-10.23,-7.66,-7.81,-3.17,-3.52,0.98,5.54,6.29,4.66,0.68,-5.01,-9.24,-3.54,-1.6,-4.77,-7.27,1.68,3.51,8.5,7.43,6.26,1.21,-0.94,-1.28,-4.34,-8.06,-6.64,-6.53,-2.0,4.68,5.51,5.33,12.21,1.98,-6.3,-8.49,-7.26,-15.61,-9.7,-5.95,-1.34
6,52.875,21.875,8.83,10.27,14.63,18.99,11.86,7.52,3.24,3.11,3.0,2.87,4.09,7.23,9.7,10.14,10.6,9.32,6.78,4.43,1.3,-1.84,-0.73,-2.02,-4.49,-0.74,3.23,5.21,6.21,4.38,1.31,-2.62,-6.69,-10.97,-16.16,-11.81,-7.59,-3.24,-9.54,1.0,2.86,1.02,-0.87,-4.59,-4.88,-8.07,-6.01,-2.82,0.27,3.04,5.45,6.56,7.48,7.75,3.73,0.31,2.9,7.36,8.8,10.8,11.57,7.27,2.27,-0.81,-3.07,-2.75,-0.0,-2.52,-1.17,-1.06,-0.96,-0.86,-0.02,-3.89,1.39,3.87,3.37,0.2,2.28,-2.56,-8.97,-9.26,-12.06,-9.67,-9.33,-9.59,-5.85,-4.81,0.14,1.07,-0.22,-2.93,-7.43,-10.23,-7.66,-7.81,-3.17,-3.52,0.98,5.54,6.29,4.66,0.68,-5.01,-9.24,-3.54,-1.6,-4.77,-7.27,1.68,3.51,8.5,7.43,6.26,1.21,-0.94,-1.28,-4.34,-8.06,-6.64,-6.53,-2.0,4.68,5.51,5.33,12.21,1.98,-6.3,-8.49,-7.26,-15.61,-9.7,-5.95,-1.34
7,52.625,21.875,8.83,10.27,14.63,18.99,11.86,7.52,3.24,3.11,3.0,2.87,4.09,7.23,9.7,10.14,10.6,9.32,6.78,4.43,1.3,-1.84,-0.73,-2.02,-4.49,-0.74,3.23,5.21,6.21,4.38,1.31,-2.62,-6.69,-10.97,-16.16,-11.81,-7.59,-3.24,-9.54,1.0,2.86,1.02,-0.87,-4.59,-4.88,-8.07,-6.01,-2.82,0.27,3.04,5.45,6.56,7.48,7.75,3.73,0.31,2.9,7.36,8.8,10.8,11.57,7.27,2.27,-0.81,-3.07,-2.75,-0.0,-2.52,-1.17,-1.06,-0.96,-0.86,-0.02,-3.89,1.39,3.87,3.37,0.2,2.28,-2.56,-8.97,-9.26,-12.06,-9.67,-9.33,-9.59,-5.85,-4.81,0.14,1.07,-0.22,-2.93,-7.43,-10.23,-7.66,-7.81,-3.17,-3.52,0.98,5.54,6.29,4.66,0.68,-5.01,-9.24,-3.54,-1.6,-4.77,-7.27,1.68,3.51,8.5,7.43,6.26,1.21,-0.94,-1.28,-4.34,-8.06,-6.64,-6.53,-2.0,4.68,5.51,5.33,12.21,1.98,-6.3,-8.49,-7.26,-15.61,-9.7,-5.95,-1.34
8,52.375,21.875,8.83,10.27,14.63,18.99,11.86,7.52,3.24,3.11,3.0,2.87,4.09,7.23,9.7,10.14,10.6,9.32,6.78,4.43,1.3,-1.84,-0.73,-2.02,-4.49,-0.74,3.23,5.21,6.21,4.38,1.31,-2.62,-6.69,-10.97,-16.16,-11.81,-7.59,-3.24,-9.54,1.0,2.86,1.02,-0.87,-4.59,-4.88,-8.07,-6.01,-2.82,0.27,3.04,5.45,6.56,7.48,7.75,3.73,0.31,2.9,7.36,8.8,10.8,11.57,7.27,2.27,-0.81,-3.07,-2.75,-0.0,-2.52,-1.17,-1.06,-0.96,-0.86,-0.02,-3.89,1.39,3.87,3.37,0.2,2.28,-2.56,-8.97,-9.26,-12.06,-9.67,-9.33,-9.59,-5.85,-4.81,0.14,1.07,-0.22,-2.93,-7.43,-10.23,-7.66,-7.81,-3.17,-3.52,0.98,5.54,6.29,4.66,0.68,-5.01,-9.24,-3.54,-1.6,-4.77,-7.27,1.68,3.51,8.5,7.43,6.26,1.21,-0.94,-1.28,-4.34,-8.06,-6.64,-6.53,-2.0,4.68,5.51,5.33,12.21,1.98,-6.3,-8.49,-7.26,-15.61,-9.7,-5.95,-1.34
9,52.125,21.875,8.83,10.27,14.63,18.99,11.86,7.52,3.24,3.11,3.0,2.87,4.09,7.23,9.7,10.14,10.6,9.32,6.78,4.43,1.3,-1.84,-0.73,-2.02,-4.49,-0.74,3.23,5.21,6.21,4.38,1.31,-2.62,-6.69,-10.97,-16.16,-11.81,-7.59,-3.24,-9.54,1.0,2.86,1.02,-0.87,-4.59,-4.88,-8.07,-6.01,-2.82,0.27,3.04,5.45,6.56,7.48,7.75,3.73,0.31,2.9,7.36,8.8,10.8,11.57,7.27,2.27,-0.81,-3.07,-2.75,-0.0,-2.52,-1.17,-1.06,-0.96,-0.86,-0.02,-3.89,1.39,3.87,3.37,0.2,2.28,-2.56,-8.97,-9.26,-12.06,-9.67,-9.33,-9.59,-5.85,-4.81,0.14,1.07,-0.22,-2.93,-7.43,-10.23,-7.66,-7.81,-3.17,-3.52,0.98,5.54,6.29,4.66,0.68,-5.01,-9.24,-3.54,-1.6,-4.77,-7.27,1.68,3.51,8.5,7.43,6.26,1.21,-0.94,-1.28,-4.34,-8.06,-6.64,-6.53,-2.0,4.68,5.51,5.33,12.21,1.98,-6.3,-8.49,-7.26,-15.61,-9.7,-5.95,-1.34
10,52.875,22.125,8.83,10.27,14.63,18.99,11.86,7.52,3.24,3.11,3.0,2.87,4.09,7.23,9.7,10.14,10.6,9.32,6.78,4.43,1.3,-1.84,-0.73,-2.02,-4.49,-0.74,3.23,5.21,6.21,4.38,1.31,-2.62,-6.69,-10.97,-16.16,-11.81,-7.59,-3.24,-9.54,1.0,2.86,1.02,-0.87,-4.59,-4.88,-8.07,-6.01,-2.82,0.27,3.04,5.45,6.56,7.48,7.75,3.73,0.31,2.9,7.36,8.8,10.8,11.57,7.27,2.27,-0.81,-3.07,-2.75,-0.0,-2.52,-1.17,-1.06,-0.96,-0.86,-0.02,-3.89,1.39,3.87,3.37,0.2,2.28,-2.56,-8.97,-9.26,-12.06,-9.67,-9.33,-9.59,-5.85,-4.81,0.14,1.07,-0.22,-2.93,-7.43,-10.23,-7.66,-7.81,-3.17,-3.52,0.98,5.54,6.29,4.66,0.68,-5.01,-9.24,-3.54,-1.6,-4.77,-7.27,1.68,3.51,8.5,7.43,6.26,1.21,-0.94,-1.28,-4.34,-8.06,-6.64,-6.53,-2.0,4.68,5.51,5.33,12.21,1.98,-6.3,-8.49,-7.26,-15.61,-9.7,-5.95,-1.34
11,52.625,22.125,8.83,10.27,14.63,18.99,11.86,7.52,3.24,3.11,3.0,2.87,4.09,7.23,9.7,10.14,10.6,9.32,6.78,4.43,1.3,-1.84,-0.73,-2.02,-4.49,-0.74,3.23,5.21,6.21,4.38,1.31,-2.62,-6.69,-10.97,-16.16,-11.81,-7.59,-3.24,-9.54,1.0,2.86,1.02,-0.87,-4.59,-4.88,-8.07,-6.01,-2.82,0.27,3.04,5.45,6.56,7.48,7.75,3.73,0.31,2.9,7.36,8.8,10.8,11.57,7.27,2.27,-0.81,-3.07,-2.75,-0.0,-2.52,-1.17,-1.06,-0.96,-0.86,-0.02,-3.89,1.39,3.87,3.37,0.2,2.28,-2.56,-8.97,-9.26,-12.06,-9.67,-9.33,-9.59,-5.85,-4.81,0.14,1.07,-0.22,-2.93,-7.43,-10.23,-7.66,-7.81,-3.17,-3.52,0.98,5.54,6.29,4.66,0.68,-5.01,-9.24,-3.54,-1.6,-4.77,-7.27,1.68,3.51,8.5,7.43,6.26,1.21,-0.94,-1.28,-4.34,-8.06,-6.64,-6.53,-2.0,4.68,5.51,5.33,12.21,1.98,-6.3,-8.49,-7.26,-15.61,-9.7,-5.95,-1.34
12,52.375,22.125,8.83,10.27,14.63,18.99,11.86,7.52,3.24,3.11,3.0,2.87,4.09,7.23,9.7,10.14,10.6,9.32,6.78,4.43,1.3,-1.84,-0.73,-2.02,-4.49,-0.74,3.23,5.21,6.21,4.38,1.31,-2.62,-6.69,-10.97,-16.16,-11.81,-7.59,-3.24,-9.54,1.0,2.86,1.02,-0.87,-4.59,-4.88,-8.07,-6.01,-2.82,0.27,3.04,5.45,6.56,7.48,7.75,3.73,0.31,2.9,7.36,8.8,10.8,11.57,7.27,2.27,-0.81,-3.07,-2.75,-0.0,-2.52,-1.17,-1.06,-0.96,-0.86,-0.02,-3.89,1.39,3.87,3.37,0.2,2.28,-2.56,-8.97,-9.26,-12.06,-9.67,-9.33,-9.59,-5.85,-4.81,0.14,1.07,-0.22,-2.93,-7.43,-10.23,-7.66,-7.81,-3.17,-3.52,0.98,5.54,6.29,4.66,0.68,-5.01,-9.24,-3.54,-1.6,-4.77,-7.27,1.68,3.51,8.5,7.43,6.26,1.21,-0.94,-1.28,-4.34,-8.06,-6.64,-6.53,-2.0,4.68,5.51,5.33,12.21,1.98,-6.3,-8.49,-7.26,-15.61,-9.7,-5.95,-1.34
13,52.125,22.125,8.83,10.27,14.63,18.99,11.86,7.52,3.24,3.11,3.0,2.87,4.09,7.23,9.7,10.14,10.6,9.32,6.78,4.43,1.3,-1.84,-0.73,-2.02,-4.49,-0.74,3.23,5.21,6.21,4.38,1.31,-2.62,-6.69,-10.97,-16.16,-11.81,-7.59,-3.24,-9.54,1.0,2.86,1.02,-0.87,-4.59,-4.88,-8.07,-6.01,-2.82,0.27,3.04,5.45,6.56,7.48,7.75,3.73,0.31,2.9,7.36,8.8,10.8,11.57,7.27,2.27,-0.81,-3.07,-2.75,-0.0,-2.52,-1.17,-1.06,-0.96,-0.86,-0.02,-3.89,1.39,3.87,3.37,0.2,2.28,-2.56,-8.97,-9.26,-12.06,-9.67,-9.33,-9.59,-5.85,-4.81,0.14,1.07,-0.22,-2.93,-7.43,-10.23,-7.66,-7.81,-3.17,-3.52,0.98,5.54,6.29,4.66,0.68,-5.01,-9.24,-3.54,-1.6,-4.77,-7.27,1.68,3.51,8.5,7.43,6.26,1.21,-0.94,-1.28,-4.34,-8.06,-6.64,-6.53,-2.0,4.68,5.51,5.33,12.21,1.98,-6.3,-8.49,-7.26,-15.61,-9.7,-5.95,-1.34
14,51.875,22.125,8.83,10.27,14.63,18.99,11.86,7.52,3.24,3.11,3.0,2.87,4.09,7.23,9.7,10.14,10.6,9.32,6.78,4.43,1.3,-1.84,-0.73,-2.02,-4.49,-0.74,3.23,5.21,6.21,4.38,1.31,-2.62,-6.69,-10.97,-16.16,-11.81,-7.59,-3.24,-9.54,1.0,2.86,1.02,-0.87,-4.59,-4.88,-8.07,-6.01,-2.82,0.27,3.04,5.45,6.56,7.48,7.75,3.73,0.31,2.9,7.36,8.8,10.8,11.57,7.27,2.27,-0.81,-3.07,-2.75,-0.0,-2.52,-1.17,-1.06,-0.96,-0.86,-0.02,-3.89,1.39,3.87,3.37,0.2,2.28,-2.56,-8.97,-9.26,-12.06,-9.67,-9.33,-9.59,-5.85,-4.81,0.14,1.07,-0.22,-2.93,-7.43,-10.23,-7.66,-7.81,-3.17,-3.52,0.98,5.54,6.29,4.66,0.68,-5.01,-9.24,-3.54,-1.6,-4.77,-7.27,1.68,3.51,8.5,7.43,6.26,1.21,-0.94,-1.28,-4.34,-8.06,-6.64,-6.53,-2.0,4.68,5.51,5.33,12.21,1.98,-6.3,-8.49,-7.26,-15.61,-9.7,-5.95,-1.34
15,52.875,22.375,8.83,10.27,14.63,18.99,11.86,7.52,3.24,3.11,3.0,2.87,4.09,7.23,9.7,10.14,10.6,9.32,6.78,4.43,1.3,-1.84,-0.73,-2.02,-4.49,-0.74,3.23,5.21,6.21,4.38,1.31,-2.62,-6.69,-10.97,-16.16,-11.81,-7.59,-3.24,-9.54,1.0,2.86,1.02,-0.87,-4.59,-4.88,-8.07,-6.01,-2.82,0.27,3.04,5.45,6.56,7.48,7.75,3.73,0.31,2.9,7.36,8.8,10.8,11.57,7.27,2.27,-0.81,-3.07,-2.75,-0.0,-2.52,-1.17,-1.06,-0.96,-0.86,-0.02,-3.89,1.39,3.87,3.37,0.2,2.28,-2.56,-8.97,-9.26,-12.06,-9.67,-9.33,-9.59,-5.85,-4.81,0.14,1.07,-0.22,-2.93,-7.43,-10.23,-7.66,-7.81,-3.17,-3.52,0.98,5.54,6.29,4.66,0.68,-5.01,-9.24,-3.54,-1.6,-4.77,-7.27,1.68,3.51,8.5,7.43,6.26,1.21,-0.94,-1.28,-4.34,-8.06,-6.64,-6.53,-2.0,4.68,5.51,5.33,12.21,1.98,-6.3,-8.49,-7.26,-15.61,-9.7,-5.95,-1.34
16,52.625,22.375,8.83,10.27,14.63,18.99,11.86,7.52,3.24,3.11,3.0,2.87,4.09,7.23,9.7,10.14,10.6,9.32,6.78,4.43,1.3,-1.84,-0.73,-2.02,-4.49,-0.74,3.23,5.21,6.21,4.38,1.31,-2.62,-6.69,-10.97,-16.16,-11.81,-7.59,-3.24,-9.54,1.0,2.86,1.02,-0.87,-4.59,-4.88,-8.07,-6.01,-2.82,0.27,3.04,5.45,6.56,7.48,7.75,3.73,0.31,2.9,7.36,8.8,10.8,11.57,7.27,2.27,-0.81,-3.07,-2.75,-0.0,-2.52,-1.17,-1.06,-0.96,-0.86,-0.02,-3.89,1.39,3.87,3.37,0.2,2.28,-2.56,-8.97,-9.26,-12.06,-9.67,-9.33,-9.59,-5.85,-4.81,0.14,1.07,-0.22,-2.93,-7.43,-10.23,-7.66,-7.81,-3.17,-3.52,0.98,5.54,6.29,4.66,0.68,-5.01,-9.24,-3.54,-1.6,-4.77,-7.27,1.68,3.51,8.5,7.43,6.26,1.21,-0.94,-1.28,-4.34,-8.06,-6.64,-6.53,-2.0,4.68,5.51,5.33,12.21,1.98,-6.3,-8.49,-7.26,-15.61,-9.7,-5.95,-1.34
17,52.375,22.375,8.83,10.27,14.63,18.99,11.86,7.52,3.24,3.11,3.0,2.87,4.09,7.23,9.7,10.14,10.6,9.32,6.78,4.43,1.3,-1.84,-0.73,-2.02,-4.49,-0.74,3.23,5.21,6.21,4.38,1.31,-2.62,-6.69,-10.97,-16.16,-11.81,-7.59,-3.24,-9.54,1.0,2.86,1.02,-0.87,-4.59,-4.88,-8.07,-6.01,-2.82,0.27,3.04,5.45,6.56,7.48,7.75,3.73,0.31,2.9,7.36,8.8,10.8,11.57,7.27,2.27,-0.81,-3.07,-2.75,-0.0,-2.52,-1.17,-1.06,-0.96,-0.86,-0.02,-3.89,1.39,3.87,3.37,0.2,2.28,-2.56,-8.97,-9.26,-12.06,-9.67,-9.33,-9.59,-5.85,-4.81,0.14,1.07,-0.22,-2.93,-7.43,-10.23,-7.66,-7.81,-3.17,-3.52,0.98,5.54,6.29,4.66,0.68,-5.01,-9.24,-3.54,-1.6,-4.77,-7.27,1.68,3.51,8.5,7.43,6.26,1.21,-0.94,-1.28,-4.34,-8.06,-6.64,-6.53,-2.0,4.68,5.51,5.33,12.21,1.98,-6.3,-8.49,-7.26,-15.61,-9.7,-5.95,-1.34
18,52.125,22.375,8.83,10.27,14.63,18.99,11.86,7.52,3.24,3.11,3.0,2.87,4.09,7.23,9.7,10.14,10.6,9.32,6.78,4.43,1.3,-1.84,-0.73,-2.02,-4.49,-0.74,3.23,5.21,6.21,4.38,1.31,-2.62,-6.69,-10.97,-16.16,-11.81,-7.59,-3.24,-9.54,1.0,2.86,1.02,-0.87,-4.59,-4.88,-8.07,-6.01,-2.82,0.27,3.04,5.45,6.56,7.48,7.75,3.73,0.31,2.9,7.36,8.8,10.8,11.57,7.27,2.27,-0.81,-3.07,-2.75,-0.0,-2.52,-1.17,-1.06,-0.96,-0.86,-0.02,-3.89,1.39,3.87,3.37,0.2,2.28,-2.56,-8.97,-9.26,-12.06,-9.67,-9.33,-9.59,-5.85,-4.81,0.14,1.07,-0.22,-2.93,-7.43,-10.23,-7.66,-7.81,-3.17,-3.52,0.98,5.54,6.29,4.66,0.68,-5.01,-9.24,-3.54,-1.6,-4.77,-7.27,1.68,3.51,8.5,7.43,6.26,1.21,-0.94,-1.28,-4.34,-8.06,-6.64,-6.53,-2.0,4.68,5.51,5.33,12.21,1.98,-6.3,-8.49,-7.26,-15.61,-9.7,-5.95,-1.34
19,51.875,22.375,9.97,11.33,15.81,20.29,12.38,10.37,4.28,4.42,4.56,4.71,5.26,8.27,10.59,11.29,12.02,10.75,7.95,6.47,3.88,1.29,1.11,-0.22,-1.74,0.94,3.77,6.11,7.96,5.71,2.46,-2.25,-7.06,-10.38,-15.24,-12.45,-9.76,-6.98,-9.9,0.54,3.83,2.51,1.15,-4.48,-5.49,-10.91,-8.23,-3.83,0.43,3.22,5.82,7.22,8.39,8.84,4.28,1.25,4.27,7.91,9.35,11.56,12.24,6.19,1.92,0.42,-0.1,1.29,2.95,-3.45,-1.75,-1.92,-2.08,-2.25,-1.71,-4.05,-0.75,3.39,0.07,-3.29,1.83,-2.68,-12.57,-9.57,-14.79,-14.64,-12.83,-13.31,-7.0,-9.61,-7.07,-3.17,-3.34,-4.47,-4.97,-9.21,-8.26,-5.6,-2.85,-1.13,2.93,7.23,7.48,4.48,0.11,-6.51,-9.42,-3.24,-2.08,-4.19,-10.36,0.39,2.17,8.33,3.93,4.9,0.48,-3.19,-3.7,-7.05,-10.59,-7.92,-9.32,-1.42,5.34,6.3,5.61,14.41,4.09,-3.72,-5.81,-6.05,-13.71,-10.3,-4.24,-0.1
20,52.875,22.625,8.83,10.27,14.63,18.99,11.86,7.52,3.24,3.11,3.0,2.87,4.09,7.23,9.7,10.14,10.6,9.32,6.78,4.43,1.3,-1.84,-0.73,-2.02,-4.49,-0.74,3.23,5.21,6.21,4.38,1.31,-2.62,-6.69,-10.97,-16.16,-11.81,-7.59,-3.24,-9.54,1.0,2.86,1.02,-0.87,-4.59,-4.88,-8.07,-6.01,-2.82,0.27,3.04,5.45,6.56,7.48,7.75,3.73,0.31,2.9,7.36,8.8,10.8,11.57,7.27,2.27,-0.81,-3.07,-2.75,-0.0,-2.52,-1.17,-1.06,-0.96,-0.86,-0.02,-3.89,1.39,3.87,3.37,0.2,2.28,-2.56,-8.97,-9.26,-12.06,-9.67,-9.33,-9.59,-5.85,-4.81,0.14,1.07,-0.22,-2.93,-7.43,-10.23,-7.66,-7.81,-3.17,-3.52,0.98,5.54,6.29,4.66,0.68,-5.01,-9.24,-3.54,-1.6,-4.77,-7.27,1.68,3.51,8.5,7.43,6.26,1.21,-0.94,-1.28,-4.34,-8.06,-6.64,-6.53,-2.0,4.68,5.51,5.33,12.21,1.98,-6.3,-8.49,-7.26,-15.61,-9.7,-5.95,-1.34
21,52.625,22.625,8.83,10.27,14.63,18.99,11.86,7.52,3.24,3.11,3.0,2.87,4.09,7.23,9.7,10.14,10.6,9.32,6.78,4.43,1.3,-1.84,-0.73,-2.02,-4.49,-0.74,3.23,5.21,6.21,4.38,1.31,-2.62,-6.69,-10.97,-16.16,-11.81,-7.59,-3.24,-9.54,1.0,2.86,1.02,-0.87,-4.59,-4.88,-8.07,-6.01,-2.82,0.27,3.04,5.45,6.56,7.48,7.75,3.73,0.31,2.9,7.36,8.8,10.8,11.57,7.27,2.27,-0.81,-3.07,-2.75,-0.0,-2.52,-1.17,-1.06,-0.96,-0.86,-0.02,-3.89,1.39,3.87,3.37,0.2,2.28,-2.56,-8.97,-9.26,-12.06,-9.67,-9.33,-9.59,-5.85,-4.81,0.14,1.07,-0.22,-2.93,-7.43,-10.23,-7.66,-7.81,-3.17,-3.52,0.98,5.54,6.29,4.66,0.68,-5.01,-9.24,-3.54,-1.6,-4.77,-7.27,1.68,3.51,8.5,7.43,6.26,1.21,-0.94,-1.28,-4.34,-8.06,-6.64,-6.53,-2.0,4.68,5.51,5.33,12.21,1.98,-6.3,-8.49,-7.26,-15.61,-9.7,-5.95,-1.34
22,52.375,22.625,8.83,10.27,14.63,18.99,11.86,7.52,3.24,3.11,3.0,2.87,4.09,7.23,9.7,10.14,10.6,9.32,6.78,4.43,1.3,-1.84,-0.73,-2.02,-4.49,-0.74,3.23,5.21,6.21,4.38,1.31,-2.62,-6.69,-10.97,-16.16,-11.81,-7.59,-3.24,-9.54,1.0,2.86,1.02,-0.87,-4.59,-4.88,-8.07,-6.01,-2.82,0.27,3.04,5.45,6.56,7.48,7.75,3.73,0.31,2.9,7.36,8.8,10.8,11.57,7.27,2.27,-0.81,-3.07,-2.75,-0.0,-2.52,-1.17,-1.06,-0.96,-0.86,-0.02,-3.89,1.39,3.87,3.37,0.2,2.28,-2.56,-8.97,-9.26,-12.06,-9.67,-9.33,-9.59,-5.85,-4.81,0.14,1.07,-0.22,-2.93,-7.43,-10.23,-7.66,-7.81,-3.17,-3.52,0.98,5.54,6.29,4.66,0.68,-5.01,-9.24,-3.54,-1.6,-4.77,-7.27,1.68,3.51,8.5,7.43,6.26,1.21,-0.94,-1.28,-4.34,-8.06,-6.64,-6.53,-2.0,4.68,5.51,5.33,12.21,1.98,-6.3,-8.49,-7.26,-15.61,-9.7,-5.95,-1.34
23,52.125,22.625,8.83,10.27,14.63,18.99,11.86,7.52,3.24,3.11,3.0,2.87,4.09,7.23,9.7,10.14,10.6,9.32,6.78,4.43,1.3,-1.84,-0.73,-2.02,-4.49,-0.74,3.23,5.21,6.21,4.38,1.31,-2.62,-6.69,-10.97,-16.16,-11.81,-7.59,-3.24,-9.54,1.0,2.86,1.02,-0.87,-4.59,-4.88,-8.07,-6.01,-2.82,0.27,3.04,5.45,6.56,7.48,7.75,3.73,0.31,2.9,7.36,8.8,10.8,11.57,7.27,2.27,-0.81,-3.07,-2.75,-0.0,-2.52,-1.17,-1.06,-0.96,-0.86,-0.02,-3.89,1.39,3.87,3.37,0.2,2.28,-2.56,-8.97,-9.26,-12.06,-9.67,-9.33,-9.59,-5.85,-4.81,0.14,1.07,-0.22,-2.93,-7.43,-10.23,-7.66,-7.81,-3.17,-3.52,0.98,5.54,6.29,4.66,0.68,-5.01,-9.24,-3.54,-1.6,-4.77,-7.27,1.68,3.51,8.5,7.43,6.26,1.21,-0.94,-1.28,-4.34,-8.06,-6.64,-6.53,-2.0,4.68,5.51,5.33,12.21,1.98,-6.3,-8.49,-7.26,-15.61,-9.7,-5.95,-1.34
24,51.875,22.625,9.97,11.33,15.81,20.29,12.38,10.37,4.28,4.42,4.56,4.71,5.26,8.27,10.59,11.29,12.02,10.75,7.95,6.47,3.88,1.29,1.11,-0.22,-1.74,0.94,3.77,6.11,7.96,5.71,2.46,-2.25,-7.06,-10.38,-15.24,-12.45,-9.76,-6.98,-9.9,0.54,3.83,2.51,1.15,-4.48,-5.49,-10.91,-8.23,-3.83,0.43,3.22,5.82,7.22,8.39,8.84,4.28,1.25,4.27,7.91,9.35,11.56,12.24,6.19,1.92,0.42,-0.1,1.29,2.95,-3.45,-1.75,-1.92,-2.08,-2.25,-1.71,-4.05,-0.75,3.39,0.07,-3.29,1.83,-2.68,-12.57,-9.57,-14.79,-14.64,-12.83,-13.31,-7.0,-9.61,-7.07,-3.17,-3.34,-4.47,-4.97,-9.21,-8.26,-5.6,-2.85,-1.13,2.93,7.23,7.48,4.48,0.11,-6.51,-9.42,-3.24,-2.08,-4.19,-10.36,0.39,2.17,8.33,3.93,4.9,0.48,-3.19,-3.7,-7.05,-10.59,-7.92,-9.32,-1.42,5.34,6.3,5.61,14.41,4.09,-3.72,-5.81,-6.05,-13.71,-10.3,-4.24,-0.1
25,52.875,22.875,7.78,9.13,12.64,16.14,10.2,5.24,0.29,0.54,0.78,1.03,3.01,5.4,8.31,8.75,9.21,7.52,5.35,2.3,-1.11,-4.51,-2.73,-3.57,-5.47,-1.48,2.72,4.09,5.59,3.99,0.6,-3.01,-6.73,-10.22,-16.67,-11.88,-7.24,-2.45,-4.4,1.45,2.95,0.28,-2.47,-5.54,-4.79,-5.93,-4.43,-2.35,-0.33,2.29,4.54,5.49,6.27,6.22,3.32,-0.74,0.47,4.35,6.38,8.76,9.86,4.12,0.04,-1.54,-0.94,1.87,2.15,-1.79,-1.57,-1.32,-1.08,-0.83,0.02,-3.78,1.6,4.02,3.56,2.9,0.99,-2.97,-7.5,-6.69,-9.32,-5.59,-5.1,-4.95,-0.02,1.93,2.54,4.25,3.34,-0.65,-6.31,-7.75,-6.01,-7.44,-2.17,-3.37,0.01,4.77,5.71,3.84,1.21,-4.71,-9.95,-4.77,-7.47,-5.62,-3.58,1.45,3.06,7.64,7.63,6.25,3.06,-1.05,-1.34,-3.97,-7.21,-4.9,-3.75,-1.84,4.08,4.38,5.47,11.13,0.66,-5.84,-7.83,-5.89,-12.16,-6.81,-4.28,-1.68
26,52.625,22.875,8.83,10.27,14.63,18.99,11.86,7.52,3.24,3.11,3.0,2.87,4.09,7.23,9.7,10.14,10.6,9.32,6.78,4.43,1.3,-1.84,-0.73,-2.02,-4.49,-0.74,3.23,5.21,6.21,4.38,1.31,-2.62,-6.69,-10.97,-16.16,-11.81,-7.59,-3.24,-9.54,1.0,2.86,1.02,-0.87,-4.59,-4.88,-8.07,-6.01,-2.82,0.27,3.04,5.45,6.56,7.48,7.75,3.73,0.31,2.9,7.36,8.8,10.8,11.57,7.27,2.27,-0.81,-3.07,-2.75,-0.0,-2.52,-1.17,-1.06,-0.96,-0.86,-0.02,-3.89,1.39,3.87,3.37,0.2,2.28,-2.56,-8.97,-9.26,-12.06,-9.67,-9.33,-9.59,-5.85,-4.81,0.14,1.07,-0.22,-2.93,-7.43,-10.23,-7.66,-7.81,-3.17,-3.52,0.98,5.54,6.29,4.66,0.68,-5.01,-9.24,-3.54,-1.6,-4.77,-7.27,1.68,3.51,8.5,7.43,6.26,1.21,-0.94,-1.28,-4.34,-8.06,-6.64,-6.53,-2.0,4.68,5.51,5.33,12.21,1.98,-6.3,-8.49,-7.26,-15.61,-9.7,-5.95,-1.34
27,52.375,22.875,8.83,10.27,14.63,18.99,11.86,7.52,3.24,3.11,3.0,2.87,4.09,7.23,9.7,10.14,10.6,9.32,6.78,4.43,1.3,-1.84,-0.73,-2.02,-4.49,-0.74,3.23,5.21,6.21,4.38,1.31,-2.62,-6.69,-10.97,-16.16,-11.81,-7.59,-3.24,-9.54,1.0,2.86,1.02,-0.87,-4.59,-4.88,-8.07,-6.01,-2.82,0.27,3.04,5.45,6.56,7.48,7.75,3.73,0.31,2.9,7.36,8.8,10.8,11.57,7.27,2.27,-0.81,-3.07,-2.75,-0.0,-2.52,-1.17,-1.06,-0.96,-0.86,-0.02,-3.89,1.39,3.87,3.37,0.2,2.28,-2.56,-8.97,-9.26,-12.06,-9.67,-9.33,-9.59,-5.85,-4.81,0.14,1.07,-0.22,-2.93,-7.43,-10.23,-7.66,-7.81,-3.17,-3.52,0.98,5.54,6.29,4.66,0.68,-5.01,-9.24,-3.54,-1.6,-4.77,-7.27,1.68,3.51,8.5,7.43,6.26,1.21,-0.94,-1.28,-4.34,-8.06,-6.64,-6.53,-2.0,4.68,5.51,5.33,12.21,1.98,-6.3,-8.49,-7.26,-15.61,-9.7,-5.95,-1.34
28,52.125,22.875,8.83,10.27,14.63,18.99,11.86,7.52,3.24,3.11,3.0,2.87,4.09,7.23,9.7,10.14,10.6,9.32,6.78,4.43,1.3,-1.84,-0.73,-2.02,-4.49,-0.74,3.23,5.21,6.21,4.38,1.31,-2.62,-6.69,-10.97,-16.16,-11.81,-7.59,-3.24,-9.54,1.0,2.86,1.02,-0.87,-4.59,-4.88,-8.07,-6.01,-2.82,0.27,3.04,5.45,6.56,7.48,7.75,3.73,0.31,2.9,7.36,8.8,10.8,11.57,7.27,2.27,-0.81,-3.07,-2.75,-0.0,-2.52,-1.17,-1.06,-0.96,-0.86,-0.02,-3.89,1.39,3.87,3.37,0.2,2.28,-2.56,-8.97,-9.26,-12.06,-9.67,-9.33,-9.59,-5.85,-4.81,0.14,1.07,-0.22,-2.93,-7.43,-10.23,-7.66,-7.81,-3.17,-3.52,0.98,5.54,6.29,4.66,0.68,-5.01,-9.24,-3.54,-1.6,-4.77,-7.27,1.68,3.51,8.5,7.43,6.26,1.21,-0.94,-1.28,-4.34,-8.06,-6.64,-6.53,-2.0,4.68,5.51,5.33,12.21,1.98,-6.3,-8.49,-7.26,-15.61,-9.7,-5.95,-1.34
29,51.875,22.875,9.97,11.33,15.81,20.29,12.38,10.37,4.28,4.42,4.56,4.71,5.26,8.27,10.59,11.29,12.02,10.75,7.95,6.47,3.88,1.29,1.11,-0.22,-1.74,0.94,3.77,6.11,7.96,5.71,2.46,-2.25,-7.06,-10.38,-15.24,-12.45,-9.76,-6.98,-9.9,0.54,3.83,2.51,1.15,-4.48,-5.49,-10.91,-8.23,-3.83,0.43,3.22,5.82,7.22,8.39,8.84,4.28,1.25,4.27,7.91,9.35,11.56,12.24,6.19,1.92,0.42,-0.1,1.29,2.95,-3.45,-1.75,-1.92,-2.08,-2.25,-1.71,-4.05,-0.75,3.39,0.07,-3.29,1.83,-2.68,-12.57,-9.57,-14.79,-14.64,-12.83,-13.31,-7.0,-9.61,-7.07,-3.17,-3.34,-4.47,-4.97,-9.21,-8.26,-5.6,-2.85,-1.13,2.93,7.23,7.48,4.48,0.11,-6.51,-9.42,-3.24,-2.08,-4.19,-10.36,0.39,2.17,8.33,3.93,4.9,0.48,-3.19,-3.7,-7.05,-10.59,-7.92,-9.32,-1.42,5.34,6.3,5.61,14.41,4.09,-3.72,-5.81,-6.05,-13.71,-10.3,-4.24,-0.1
30,51.625,22.875,9.97,11.33,15.81,20.29,12.38,10.37,4.28,4.42,4.56,4.71,5.26,8.27,10.59,11.29,12.02,10.75,7.95,6.47,3.88,1.29,1.11,-0.22,-1.74,0.94,3.77,6.11,7.96,5.71,2.46,-2.25,-7.06,-10.38,-15.24,-12.45,-9.76,-6.98,-9.9,0.54,3.83,2.51,1.15,-4.48,-5.49,-10.91,-8.23,-3.83,0.43,3.22,5.82,7.22,8.39,8.84,4.28,1.25,4.27,7.91,9.35,11.56,12.24,6.19,1.92,0.42,-0.1,1.29,2.95,-3.45,-1.75,-1.92,-2.08,-2.25,-1.71,-4.05,-0.75,3.39,0.07,-3.29,1.83,-2.68,-12.57,-9.57,-14.79,-14.64,-12.83,-13.31,-7.0,-9.61,-7.07,-3.17,-3.34,-4.47,-4.97,-9.21,-8.26,-5.6,-2.85,-1.13,2.93,7.23,7.48,4.48,0.11,-6.51,-9.42,-3.24,-2.08,-4.19,-10.36,0.39,2.17,8.33,3.93,4.9,0.48,-3.19,-3.7,-7.05,-10.59,-7.92,-9.32,-1.42,5.34,6.3,5.61,14.41,4.09,-3.72,-5.81,-6.05,-13.71,-10.3,-4.24,-0.1
31,52.875,23.125,7.78,9.13,12.64,16.14,10.2,5.24,0.29,0.54,0.78,1.03,3.01,5.4,8.31,8.75,9.21,7.52,5.35,2.3,-1.11,-4.51,-2.73,-3.57,-5.47,-1.48,2.72,4.09,5.59,3.99,0.6,-3.01,-6.73,-10.22,-16.67,-11.88,-7.24,-2.45,-4.4,1.45,2.95,0.28,-2.47,-5.54,-4.79,-5.93,-4.43,-2.35,-0.33,2.29,4.54,5.49,6.27,6.22,3.32,-0.74,0.47,4.35,6.38,8.76,9.86,4.12,0.04,-1.54,-0.94,1.87,2.15,-1.79,-1.57,-1.32,-1.08,-0.83,0.02,-3.78,1.6,4.02,3.56,2.9,0.99,-2.97,-7.5,-6.69,-9.32,-5.59,-5.1,-4.95,-0.02,1.93,2.54,4.25,3.34,-0.65,-6.31,-7.75,-6.01,-7.44,-2.17,-3.37,0.01,4.77,5.71,3.84,1.21,-4.71,-9.95,-4.77,-7.47,-5.62,-3.58,1.45,3.06,7.64,7.63,6.25,3.06,-1.05,-1.34,-3.97,-7.21,-4.9,-3.75,-1.84,4.08,4.38,5.47,11.13,0.66,-5.84,-7.83,-5.89,-12.16,-6.81,-4.28,-1.68
32,52.625,23.125,8.97,10.62,15.26,19.9,12.6,10.36,2.0,2.33,2.64,2.97,4.01,6.58,9.15,10.09,11.07,9.67,7.35,5.16,1.55,-2.07,-1.09,-1.83,-3.03,-0.01,3.15,4.71,7.17,5.12,1.45,-3.03,-7.59,-10.19,-19.07,-14.95,-10.96,-6.83,-4.43,-0.15,4.45,2.19,-0.15,-4.93,-5.27,-7.84,-5.87,-2.9,-0.03,2.45,4.8,6.2,7.47,7.77,4.41,0.26,2.15,5.83,8.52,11.25,12.68,5.09,0.74,-0.43,-0.61,1.99,3.84,-1.52,-1.24,-1.38,-1.51,-1.64,-1.0,-3.79,0.27,3.85,0.61,0.18,0.62,-3.13,-11.28,-7.23,-13.69,-11.42,-8.73,-9.93,-3.9,-5.85,-4.91,-0.56,-0.53,-2.02,-6.57,-8.71,-8.67,-6.3,-3.14,-3.25,1.21,5.98,6.98,3.6,-0.28,-6.72,-10.1,-4.54,-7.24,-4.96,-5.28,0.09,2.95,8.17,7.04,6.73,2.61,-0.51,-1.09,-4.17,-8.76,-5.75,-5.41,-1.07,5.1,5.14,6.98,13.34,2.92,-3.0,-5.78,-5.91,-13.55,-11.86,-4.71,-1.05
33,52.375,23.125,8.97,10.62,15.26,19.9,12.6,10.36,2.0,2.33,2.64,2.97,4.01,6.58,9.15,10.09,11.07,9.67,7.35,5.16,1.55,-2.07,-1.09,-1.83,-3.03,-0.01,3.15,4.71,7.17,5.12,1.45,-3.03,-7.59,-10.19,-19.07,-14.95,-10.96,-6.83,-4.43,-0.15,4.45,2.19,-0.15,-4.93,-5.27,-7.84,-5.87,-2.9,-0.03,2.45,4.8,6.2,7.47,7.77,4.41,0.26,2.15,5.83,8.52,11.25,12.68,5.09,0.74,-0.43,-0.61,1.99,3.84,-1.52,-1.24,-1.38,-1.51,-1.64,-1.0,-3.79,0.27,3.85,0.61,0.18,0.62,-3.13,-11.28,-7.23,-13.69,-11.42,-8.73,-9.93,-3.9,-5.85,-4.91,-0.56,-0.53,-2.02,-6.57,-8.71,-8.67,-6.3,-3.14,-3.25,1.21,5.98,6.98,3.6,-0.28,-6.72,-10.1,-4.54,-7.24,-4.96,-5.28,0.09,2.95,8.17,7.04,6.73,2.61,-0.51,-1.09,-4.17,-8.76,-5.75,-5.41,-1.07,5.1,5.14,6.98,13.34,2.92,-3.0,-5.78,-5.91,-13.55,-11.86,-4.71,-1.05
34,52.125,23.125,8.97,10.62,15.26,19.9,12.6,10.36,2.0,2.33,2.64,2.97,4.01,6.58,9.15,10.09,11.07,9.67,7.35,5.16,1.55,-2.07,-1.09,-1.83,-3.03,-0.01,3.15,4.71,7.17,5.12,1.45,-3.03,-7.59,-10.19,-19.07,-14.95,-10.96,-6.83,-4.43,-0.15,4.45,2.19,-0.15,-4.93,-5.27,-7.84,-5.87,-2.9,-0.03,2.45,4.8,6.2,7.47,7.77,4.41,0.26,2.15,5.83,8.52,11.25,12.68,5.09,0.74,-0.43,-0.61,1.99,3.84,-1.52,-1.24,-1.38,-1.51,-1.64,-1.0,-3.79,0.27,3.85,0.61,0.18,0.62,-3.13,-11.28,-7.23,-13.69,-11.42,-8.73,-9.93,-3.9,-5.85,-4.91,-0.56,-0.53,-2.02,-6.57,-8.71,-8.67,-6.3,-3.14,-3.25,1.21,5.98,6.98,3.6,-0.28,-6.72,-10.1,-4.54,-7.24,-4.96,-5.28,0.09,2.95,8.17,7.04,6.73,2.61,-0.51,-1.09,-4.17,-8.76,-5.75,-5.41,-1.07,5.1,5.14,6.98,13.34,2.92,-3.0,-5.78,-5.91,-13.55,-11.86,-4.71,-1.05
35,51.875,23.125,9.97,11.33,15.81,20.29,12.38,10.37,4.28,4.42,4.56,4.71,5.26,8.27,10.59,11.29,12.02,10.75,7.95,6.47,3.88,1.29,1.11,-0.22,-1.74,0.94,3.77,6.11,7.96,5.71,2.46,-2.25,-7.06,-10.38,-15.24,-12.45,-9.76,-6.98,-9.9,0.54,3.83,2.51,1.15,-4.48,-5.49,-10.91,-8.23,-3.83,0.43,3.22,5.82,7.22,8.39,8.84,4.28,1.25,4.27,7.91,9.35,11.56,12.24,6.19,1.92,0.42,-0.1,1.29,2.95,-3.45,-1.75,-1.92,-2.08,-2.25,-1.71,-4.05,-0.75,3.39,0.07,-3.29,1.83,-2.68,-12.57,-9.57,-14.79,-14.64,-12.83,-13.31,-7.0,-9.61,-7.07,-3.17,-3.34,-4.47,-4.97,-9.21,-8.26,-5.6,-2.85,-1.13,2.93,7.23,7.48,4.48,0.11,-6.51,-9.42,-3.24,-2.08,-4.19,-10.36,0.39,2.17,8.33,3.93,4.9,0.48,-3.19,-3.7,-7.05,-10.59,-7.92,-9.32,-1.42,5.34,6.3,5.61,14.41,4.09,-3.72,-5.81,-6.05,-13.71,-10.3,-4.24,-0.1
36,51.625,23.125,9.97,11.33,15.81,20.29,12.38,10.37,4.28,4.42,4.56,4.71,5.26,8.27,10.59,11.29,12.02,10.75,7.95,6.47,3.88,1.29,1.11,-0.22,-1.74,0.94,3.77,6.11,7.96,5.71,2.46,-2.25,-7.06,-10.38,-15.24,-12.45,-9.76,-6.98,-9.9,0.54,3.83,2.51,1.15,-4.48,-5.49,-10.91,-8.23,-3.83,0.43,3.22,5.82,7.22,8.39,8.84,4.28,1.25,4.27,7.91,9.35,11.56,12.24,6.19,1.92,0.42,-0.1,1.29,2.95,-3.45,-1.75,-1.92,-2.08,-2.25,-1.71,-4.05,-0.75,3.39,0.07,-3.29,1.83,-2.68,-12.57,-9.57,-14.79,-14.64,-12.83,-13.31,-7.0,-9.61,-7.07,-3.17,-3.34,-4.47,-4.97,-9.21,-8.26,-5.6,-2.85,-1.13,2.93,7.23,7.48,4.48,0.11,-6.51,-9.42,-3.24,-2.08,-4.19,-10.36,0.39,2.17,8.33,3.93,4.9,0.48,-3.19,-3.7,-7.05,-10.59,-7.92,-9.32,-1.42,5.34,6.3,5.61,14.41,4.09,-3.72,-5.81,-6.05,-13.71,-10.3,-4.24,-0.1
37,51.375,23.125,9.97,11.33,15.81,20.29,12.38,10.37,4.28,4.42,4.56,4.71,5.26,8.27,10.59,11.29,12.02,10.75,7.95,6.47,3.88,1.29,1.11,-0.22,-1.74,0.94,3.77,6.11,7.96,5.71,2.46,-2.25,-7.06,-10.38,-15.24,-12.45,-9.76,-6.98,-9.9,0.54,3.83,2.51,1.15,-4.48,-5.49,-10.91,-8.23,-3.83,0.43,3.22,5.82,7.22,8.39,8.84,4.28,1.25,4.27,7.91,9.35,11.56,12.24,6.19,1.92,0.42,-0.1,1.29,2.95,-3.45,-1.75,-1.92,-2.08,-2.25,-1.71,-4.05,-0.75,3.39,0.07,-3.29,1.83,-2.68,-12.57,-9.57,-14.79,-14.64,-12.83,-13.31,-7.0,-9.61,-7.07,-3.17,-3.34,-4.47,-4.97,-9.21,-8.26,-5.6,-2.85,-1.13,2.93,7.23,7.48,4.48,0.11,-6.51,-9.42,-3.24,-2.08,-4.19,-10.36,0.39,2.17,8.33,3.93,4.9,0.48,-3.19,-3.7,-7.05,-10.59,-7.92,-9.32,-1.42,5.34,6.3,5.61,14.41,4.09,-3.72,-5.81,-6.05,-13.71,-10.3,-4.24,-0.1
38,52.875,23.375,7.78,9.13,12.64,16.14,10.2,5.24,0.29,0.54,0.78,1.03,3.01,5.4,8.31,8.75,9.21,7.52,5.35,2.3,-1.11,-4.51,-2.73,-3.57,-5.47,-1.48,2.72,4.09,5.59,3.99,0.6,-3.01,-6.73,-10.22,-16.67,-11.88,-7.24,-2.45,-4.4,1.45,2.95,0.28,-2.47,-5.54,-4.79,-5.93,-4.43,-2.35,-0.33,2.29,4.54,5.49,6.27,6.22,3.32,-0.74,0.47,4.35,6.38,8.76,9.86,4.12,0.04,-1.54,-0.94,1.87,2.15,-1.79,-1.57,-1.32,-1.08,-0.83,0.02,-3.78,1.6,4.02,3.56,2.9,0.99,-2.97,-7.5,-6.69,-9.32,-5.59,-5.1,-4.95,-0.02,1.93,2.54,4.25,3.34,-0.65,-6.31,-7.75,-6.01,-7.44,-2.17,-3.37,0.01,4.77,5.71,3.84,1.21,-4.71,-9.95,-4.77,-7.47,-5.62,-3.58,1.45,3.06,7.64,7.63,6.25,3.06,-1.05,-1.34,-3.97,-7.21,-4.9,-3.75,-1.84,4.08,4.38,5.47,11.13,0.66,-5.84,-7.83,-5.89,-12.16,-6.81,-4.28,-1.68
39,52.625,23.375,8.97,10.62,15.26,19.9,12.6,10.36,2.0,2.33,2.64,2.97,4.01,6.58,9.15,10.09,11.07,9.67,7.35,5.16,1.55,-2.07,-1.09,-1.83,-3.03,-0.01,3.15,4.71,7.17,5.12,1.45,-3.03,-7.59,-10.19,-19.07,-14.95,-10.96,-6.83,-4.43,-0.15,4.45,2.19,-0.15,-4.93,-5.27,-7.84,-5.87,-2.9,-0.03,2.45,4.8,6.2,7.47,7.77,4.41,0.26,2.15,5.83,8.52,11.25,12.68,5.09,0.74,-0.43,-0.61,1.99,3.84,-1.52,-1.24,-1.38,-1.51,-1.64,-1.0,-3.79,0.27,3.85,0.61,0.18,0.62,-3.13,-11.28,-7.23,-13.69,-11.42,-8.73,-9.93,-3.9,-5.85,-4.91,-0.56,-0.53,-2.02,-6.57,-8.71,-8.67,-6.3,-3.14,-3.25,1.21,5.98,6.98,3.6,-0.28,-6.72,-10.1,-4.54,-7.24,-4.96,-5.28,0.09,2.95,8.17,7.04,6.73,2.61,-0.51,-1.09,-4.17,-8.76,-5.75,-5.41,-1.07,5.1,5.14,6.98,13.34,2.92,-3.0,-5.78,-5.91,-13.55,-11.86,-4.71,-1.05
40,52.375,23.375,8.97,10.62,15.26,19.9,12.6,10.36,2.0,2.33,2.64,2.97,4.01,6.58,9.15,10.09,11.07,9.67,7.35,5.16,1.55,-2.07,-1.09,-1.83,-3.03,-0.01,3.15,4.71,7.17,5.12,1.45,-3.03,-7.59,-10.19,-19.07,-14.95,-10.96,-6.83,-4.43,-0.15,4.45,2.19,-0.15,-4.93,-5.27,-7.84,-5.87,-2.9,-0.03,2.45,4.8,6.2,7.47,7.77,4.41,0.26,2.15,5.83,8.52,11.25,12.68,5.09,0.74,-0.43,-0.61,1.99,3.84,-1.52,-1.24,-1.38,-1.51,-1.64,-1.0,-3.79,0.27,3.85,0.61,0.18,0.62,-3.13,-11.28,-7.23,-13.69,-11.42,-8.73,-9.93,-3.9,-5.85,-4.91,-0.56,-0.53,-2.02,-6.57,-8.71,-8.67,-6.3,-3.14,-3.25,1.21,5.98,6.98,3.6,-0.28,-6.72,-10.1,-4.54,-7.24,-4.96,-5.28,0.09,2.95,8.17,7.04,6.73,2.61,-0.51,-1.09,-4.17,-8.76,-5.75,-5.41,-1.07,5.1,5.14,6.98,13.34,2.92,-3.0,-5.78,-5.91,-13.55,-11.86,-4.71,-1.05
41,52.125,23.375,8.97,10.62,15.26,19.9,12.6,10.36,2.0,2.33,2.64,2.97,4.01,6.58,9.15,10.09,11.07,9.67,7.35,5.16,1.55,-2.07,-1.09,-1.83,-3.03,-0.01,3.15,4.71,7.17,5.12,1.45,-3.03,-7.59,-10.19,-19.07,-14.95,-10.96,-6.83,-4.43,-0.15,4.45,2.19,-0.15,-4.93,-5.27,-7.84,-5.87,-2.9,-0.03,2.45,4.8,6.2,7.47,7.77,4.41,0.26,2.15,5.83,8.52,11.25,12.68,5.09,0.74,-0.43,-0.61,1.99,3.84,-1.52,-1.24,-1.38,-1.51,-1.64,-1.0,-3.79,0.27,3.85,0.61,0.18,0.62,-3.13,-11.28,-7.23,-13.69,-11.42,-8.73,-9.93,-3.9,-5.85,-4.91,-0.56,-0.53,-2.02,-6.57,-8.71,-8.67,-6.3,-3.14,-3.25,1.21,5.98,6.98,3.6,-0.28,-6.72,-10.1,-4.54,-7.24,-4.96,-5.28,0.09,2.95,8.17,7.04,6.73,2.61,-0.51,-1.09,-4.17,-8.76,-5.75,-5.41,-1.07,5.1,5.14,6.98,13.34,2.92,-3.0,-5.78,-5.91,-13.55,-11.86,-4.71,-1.05
42,51.875,23.375,8.97,10.62,15.26,19.9,12.6,10.36,2.0,2.33,2.64,2.97,4.01,6.58,9.15,10.09,11.07,9.67,7.35,5.16,1.55,-2.07,-1.09,-1.83,-3.03,-0.01,3.15,4.71,7.17,5.12,1.45,-3.03,-7.59,-10.19,-19.07,-14.95,-10.96,-6.83,-4.43,-0.15,4.45,2.19,-0.15,-4.93,-5.27,-7.84,-5.87,-2.9,-0.03,2.45,4.8,6.2,7.47,7.77,4.41,0.26,2.15,5.83,8.52,11.25,12.68,5.09,0.74,-0.43,-0.61,1.99,3.84,-1.52,-1.24,-1.38,-1.51,-1.64,-1.0,-3.79,0.27,3.85,0.61,0.18,0.62,-3.13,-11.28,-7.23,-13.69,-11.42,-8.73,-9.93,-3.9,-5.85,-4.91,-0.56,-0.53,-2.02,-6.57,-8.71,-8.67,-6.3,-3.14,-3.25,1.21,5.98,6.98,3.6,-0.28,-6.72,-10.1,-4.54,-7.24,-4.96,-5.28,0.09,2.95,8.17,7.04,6.73,2.61,-0.51,-1.09,-4.17,-8.76,-5.75,-5.41,-1.07,5.1,5.14,6.98,13.34,2.92,-3.0,-5.78,-5.91,-13.55,-11.86,-4.71,-1.05
43,51.625,23.375,9.97,11.33,15.81,20.29,12.38,10.37,4.28,4.42,4.56,4.71,5.26,8.27,10.59,11.29,12.02,10.75,7.95,6.47,3.88,1.29,1.11,-0.22,-1.74,0.94,3.77,6.11,7.96,5.71,2.46,-2.25,-7.06,-10.38,-15.24,-12.45,-9.76,-6.98,-9.9,0.54,3.83,2.51,1.15,-4.48,-5.49,-10.91,-8.23,-3.83,0.43,3.22,5.82,7.22,8.39,8.84,4.28,1.25,4.27,7.91,9.35,11.56,12.24,6.19,1.92,0.42,-0.1,1.29,2.95,-3.45,-1.75,-1.92,-2.08,-2.25,-1.71,-4.05,-0.75,3.39,0.07,-3.29,1.83,-2.68,-12.57,-9.57,-14.79,-14.64,-12.83,-13.31,-7.0,-9.61,-7.07,-3.17,-3.34,-4.47,-4.97,-9.21,-8.26,-5.6,-2.85,-1.13,2.93,7.23,7.48,4.48,0.11,-6.51,-9.42,-3.24,-2.08,-4.19,-10.36,0.39,2.17,8.33,3.93,4.9,0.48,-3.19,-3.7,-7.05,-10.59,-7.92,-9.32,-1.42,5.34,6.3,5.61,14.41,4.09,-3.72,-5.81,-6.05,-13.71,-10.3,-4.24,-0.1
44,51.375,23.375,9.97,11.33,15.81,20.29,12.38,10.37,4.28,4.42,4.56,4.71,5.26,8.27,10.59,11.29,12.02,10.75,7.95,6.47,3.88,1.29,1.11,-0.22,-1.74,0.94,3.77,6.11,7.96,5.71,2.46,-2.25,-7.06,-10.38,-15.24,-12.45,-9.76,-6.98,-9.9,0.54,3.83,2.51,1.15,-4.48,-5.49,-10.91,-8.23,-3.83,0.43,3.22,5.82,7.22,8.39,8.84,4.28,1.25,4.27,7.91,9.35,11.56,12.24,6.19,1.92,0.42,-0.1,1.29,2.95,-3.45,-1.75,-1.92,-2.08,-2.25,-1.71,-4.05,-0.75,3.39,0.07,-3.29,1.83,-2.68,-12.57,-9.57,-14.79,-14.64,-12.83,-13.31,-7.0,-9.61,-7.07,-3.17,-3.34,-4.47,-4.97,-9.21,-8.26,-5.6,-2.85,-1.13,2.93,7.23,7.48,4.48,0.11,-6.51,-9.42,-3.24,-2.08,-4.19,-10.36,0.39,2.17,8.33,3.93,4.9,0.48,-3.19,-3.7,-7.05,-10.59,-7.92,-9.32,-1.42,5.34,6.3,5.61,14.41,4.09,-3.72,-5.81,-6.05,-13.71,-10.3,-4.24,-0.1
45,51.125,23.375,9.97,11.33,15.81,20.29,12.38,10.37,4.28,4.42,4.56,4.71,5.26,8.27,10.59,11.29,12.02,10.75,7.95,6.47,3.88,1.29,1.11,-0.22,-1.74,0.94,3.77,6.11,7.96,5.71,2.46,-2.25,-7.06,-10.38,-15.24,-12.45,-9.76,-6.98,-9.9,0.54,3.83,2.51,1.15,-4.48,-5.49,-10.91,-8.23,-3.83,0.43,3.22,5.82,7.22,8.39,8.84,4.28,1.25,4.27,7.91,9.35,11.56,12.24,6.19,1.92,0.42,-0.1,1.29,2.95,-3.45,-1.75,-1.92,-2.08,-2.25,-1.71,-4.05,-0.75,3.39,0.07,-3.29,1.83,-2.68,-12.57,-9.57,-14.79,-14.64,-12.83,-13.31,-7.0,-9.61,-7.07,-3.17,-3.34,-4.47,-4.97,-9.21,-8.26,-5.6,-2.85,-1.13,2.93,7.23,7.48,4.48,0.11,-6.51,-9.42,-3.24,-2.08,-4.19,-10.36,0.39,2.17,8.33,3.93,4.9,0.48,-3.19,-3.7,-7.05,-10.59,-7.92,-9.32,-1.42,5.34,6.3,5.61,14.41,4.09,-3.72,-5.81,-6.05,-13.71,-10.3,-4.24,-0.1
46,50.875,23.375,9.57,11.76,14.9,18.05,11.82,10.76,4.8,4.85,4.9,4.95,5.99,8.14,10.6,11.57,12.58,11.03,8.21,7.38,5.49,3.59,1.39,0.88,-0.79,1.94,4.82,7.18,9.11,7.3,3.45,-1.56,-6.72,-11.8,-11.52,-10.43,-9.37,-8.28,-8.52,0.7,4.41,2.95,1.45,-4.24,-5.96,-12.08,-9.02,-4.01,0.85,3.63,6.03,7.49,8.77,9.24,3.87,2.37,4.87,7.19,7.75,10.15,11.81,7.24,3.3,1.3,1.12,2.25,2.41,-3.76,-3.09,-3.25,-3.4,-3.55,-4.61,-4.23,-2.24,3.38,-2.26,-5.06,1.01,-1.77,-13.68,-8.94,-15.47,-16.73,-14.76,-14.15,-4.69,-8.28,-7.01,-4.35,-2.63,-3.85,-2.01,-7.65,-7.9,-4.42,-2.05,0.68,4.37,8.34,8.44,4.51,0.37,-6.96,-6.93,-3.41,-3.84,-4.75,-11.67,-1.85,0.22,7.29,-0.29,3.65,-0.77,-7.11,-7.84,-12.6,-13.25,-9.81,-8.23,-1.44,6.42,7.39,5.79,14.74,4.93,-3.34,-4.28,-4.88,-11.1,-9.57,-3.09,1.37
47,50.625,23.375,9.57,11.76,14.9,18.05,11.82,10.76,4.8,4.85,4.9,4.95,5.99,8.14,10.6,11.57,12.58,11.03,8.21,7.38,5.49,3.59,1.39,0.88,-0.79,1.94,4.82,7.18,9.11,7.3,3.45,-1.56,-6.72,-11.8,-11.52,-10.43,-9.37,-8.28,-8.52,0.7,4.41,2.95,1.45,-4.24,-5.96,-12.08,-9.02,-4.01,0.85,3.63,6.03,7.49,8.77,9.24,3.87,2.37,4.87,7.19,7.75,10.15,11.81,7.24,3.3,1.3,1.12,2.25,2.41,-3.76,-3.09,-3.25,-3.4,-3.55,-4.61,-4.23,-2.24,3.38,-2.26,-5.06,1.01,-1.77,-13.68,-8.94,-15.47,-16.73,-14.76,-14.15,-4.69,-8.28,-7.01,-4.35,-2.63,-3.85,-2.01,-7.65,-7.9,-4.42,-2.05,0.68,4.37,8.34,8.44,4.51,0.37,-6.96,-6.93,-3.41,-3.84,-4.75,-11.67,-1.85,0.22,7.29,-0.29,3.65,-0.77,-7.11,-7.84,-12.6,-13.25,-9.81,-8.23,-1.44,6.42,7.39,5.79,14.74,4.93,-3.34,-4.28,-4.88,-11.1,-9.57,-3.09,1.37
48,50.375,23.375,9.57,11.76,14.9,18.05,11.82,10.76,4.8,4.85,4.9,4.95,5.99,8.14,10.6,11.57,12.58,11.03,8.21,7.38,5.49,3.59,1.39,0.88,-0.79,1.94,4.82,7.18,9.11,7.3,3.45,-1.56,-6.72,-11.8,-11.52,-10.43,-9.37,-8.28,-8.52,0.7,4.41,2.95,1.45,-4.24,-5.96,-12.08,-9.02,-4.01,0.85,3.63,6.03,7.49,8.77,9.24,3.87,2.37,4.87,7.19,7.75,10.15,11.81,7.24,3.3,1.3,1.12,2.25,2.41,-3.76,-3.09,-3.25,-3.4,-3.55,-4.61,-4.23,-2.24,3.38,-2.26,-5.06,1.01,-1.77,-13.68,-8.94,-15.47,-16.73,-14.76,-14.15,-4.69,-8.28,-7.01,-4.35,-2.63,-3.85,-2.01,-7.65,-7.9,-4.42,-2.05,0.68,4.37,8.34,8.44,4.51,0.37,-6.96,-6.93,-3.41,-3.84,-4.75,-11.67,-1.85,0.22,7.29,-0.29,3.65,-0.77,-7.11,-7.84,-12.6,-13.25,-9.81,-8.23,-1.44,6.42,7.39,5.79,14.74,4.93,-3.34,-4.28,-4.88,-11.1,-9.57,-3.09,1.37
49,50.125,23.375,9.57,11.76,14.9,18.05,11.82,10.76,4.8,4.85,4.9,4.95,5.99,8.14,10.6,11.57,12.58,11.03,8.21,7.38,5.49,3.59,1.39,0.88,-0.79,1.94,4.82,7.18,9.11,7.3,3.45,-1.56,-6.72,-11.8,-11.52,-10.43,-9.37,-8.28,-8.52,0.7,4.41,2.95,1.45,-4.24,-5.96,-12.08,-9.02,-4.01,0.85,3.63,6.03,7.49,8.77,9.24,3.87,2.37,4.87,7.19,7.75,10.15,11.81,7.24,3.3,1.3,1.12,2.25,2.41,-3.76,-3.09,-3.25,-3.4,-3.55,-4.61,-4.23,-2.24,3.38,-2.26,-5.06,1.01,-1.77,-13.68,-8.94,-15.47,-16.73,-14.76,-14.15,-4.69,-8.28,-7.01,-4.35,-2.63,-3.85,-2.01,-7.65,-7.9,-4.42,-2.05,0.68,4.37,8.34,8.44,4.51,0.37,-6.96,-6.93,-3.41,-3.84,-4.75,-11.67,-1.85,0.22,7.29,-0.29,3.65,-0.77,-7.11,-7.84,-12.6,-13.25,-9.81,-8.23,-1.44,6.42,7.39,5.79,14.74,4.93,-3.34,-4.28,-4.88,-11.1,-9.57,-3.09,1.37
50,52.875,23.625,8.97,10.62,15.26,19.9,12.6,10.36,2.0,2.33,2.64,2.97,4.01,6.58,9.15,10.09,11.07,9.67,7.35,5.16,1.55,-2.07,-1.09,-1.83,-3.03,-0.01,3.15,4.71,7.17,5.12,1.45,-3.03,-7.59,-10.19,-19.07,-14.95,-10.96,-6.83,-4.43,-0.15,4.45,2.19,-0.15,-4.93,-5.27,-7.84,-5.87,-2.9,-0.03,2.45,4.8,6.2,7.47,7.77,4.41,0.26,2.15,5.83,8.52,11.25,12.68,5.09,0.74,-0.43,-0.61,1.99,3.84,-1.52,-1.24,-1.38,-1.51,-1.64,-1.0,-3.79,0.27,3.85,0.61,0.18,0.62,-3.13,-11.28,-7.23,-13.69,-11.42,-8.73,-9.93,-3.9,-5.85,-4.91,-0.56,-0.53,-2.02,-6.57,-8.71,-8.67,-6.3,-3.14,-3.25,1.21,5.98,6.98,3.6,-0.28,-6.72,-10.1,-4.54,-7.24,-4.96,-5.28,0.09,2.95,8.17,7.04,6.73,2.61,-0.51,-1.09,-4.17,-8.76,-5.75,-5.41,-1.07,5.1,5.14,6.98,13.34,2.92,-3.0,-5.78,-5.91,-13.55,-11.86,-4.71,-1.05
51,52.625,23.625,8.97,10.62,15.26,19.9,12.6,10.36,2.0,2.33,2.64,2.97,4.01,6.58,9.15,10.09,11.07,9.67,7.35,5.16,1.55,-2.07,-1.09,-1.83,-3.03,-0.01,3.15,4.71,7.17,5.12,1.45,-3.03,-7.59,-10.19,-19.07,-14.95,-10.96,-6.83,-4.43,-0.15,4.45,2.19,-0.15,-4.93,-5.27,-7.84,-5.87,-2.9,-0.03,2.45,4.8,6.2,7.47,7.77,4.41,0.26,2.15,5.83,8.52,11.25,12.68,5.09,0.74,-0.43,-0.61,1.99,3.84,-1.52,-1.24,-1.38,-1.51,-1.64,-1.0,-3.79,0.27,3.85,0.61,0.18,0.62,-3.13,-11.28,-7.23,-13.69,-11.42,-8.73,-9.93,-3.9,-5.85,-4.91,-0.56,-0.53,-2.02,-6.57,-8.71,-8.67,-6.3,-3.14,-3.25,1.21,5.98,6.98,3.6,-0.28,-6.72,-10.1,-4.54,-7.24,-4.96,-5.28,0.09,2.95,8.17,7.04,6.73,2.61,-0.51,-1.09,-4.17,-8.76,-5.75,-5.41,-1.07,5.1,5.14,6.98,13.34,2.92,-3.0,-5.78,-5.91,-13.55,-11.86,-4.71,-1.05
52,52.375,23.625,8.97,10.62,15.26,19.9,12.6,10.36,2.0,2.33,2.64,2.97,4.01,6.58,9.15,10.09,11.07,9.67,7.35,5.16,1.55,-2.07,-1.09,-1.83,-3.03,-0.01,3.15,4.71,7.17,5.12,1.45,-3.03,-7.59,-10.19,-19.07,-14.95,-10.96,-6.83,-4.43,-0.15,4.45,2.19,-0.15,-4.93,-5.27,-7.84,-5.87,-2.9,-0.03,2.45,4.8,6.2,7.47,7.77,4.41,0.26,2.15,5.83,8.52,11.25,12.68,5.09,0.74,-0.43,-0.61,1.99,3.84,-1.52,-1.24,-1.38,-1.51,-1.64,-1.0,-3.79,0.27,3.85,0.61,0.18,0.62,-3.13,-11.28,-7.23,-13.69,-11.42,-8.73,-9.93,-3.9,-5.85,-4.91,-0.56,-0.53,-2.02,-6.57,-8.71,-8.67,-6.3,-3.14,-3.25,1.21,5.98,6.98,3.6,-0.28,-6.72,-10.1,-4.54,-7.24,-4.96,-5.28,0.09,2.95,8.17,7.04,6.73,2.61,-0.51,-1.09,-4.17,-8.76,-5.75,-5.41,-1.07,5.1,5.14,6.98,13.34,2.92,-3.0,-5.78,-5.91,-13.55,-11.86,-4.71,-1.05
53,52.125,23.625,8.97,10.62,15.26,19.9,12.6,10.36,2.0,2.33,2.64,2.97,4.01,6.58,9.15,10.09,11.07,9.67,7.35,5.16,1.55,-2.07,-1.09,-1.83,-3.03,-0.01,3.15,4.71,7.17,5.12,1.45,-3.03,-7.59,-10.19,-19.07,-14.95,-10.96,-6.83,-4.43,-0.15,4.45,2.19,-0.15,-4.93,-5.27,-7.84,-5.87,-2.9,-0.03,2.45,4.8,6.2,7.47,7.77,4.41,0.26,2.15,5.83,8.52,11.25,12.68,5.09,0.74,-0.43,-0.61,1.99,3.84,-1.52,-1.24,-1.38,-1.51,-1.64,-1.0,-3.79,0.27,3.85,0.61,0.18,0.62,-3.13,-11.28,-7.23,-13.69,-11.42,-8.73,-9.93,-3.9,-5.85,-4.91,-0.56,-0.53,-2.02,-6.57,-8.71,-8.67,-6.3,-3.14,-3.25,1.21,5.98,6.98,3.6,-0.28,-6.72,-10.1,-4.54,-7.24,-4.96,-5.28,0.09,2.95,8.17,7.04,6.73,2.61,-0.51,-1.09,-4.17,-8.76,-5.75,-5.41,-1.07,5.1,5.14,6.98,13.34,2.92,-3.0,-5.78,-5.91,-13.55,-11.86,-4.71,-1.05
54,51.875,23.625,8.97,10.62,15.26,19.9,12.6,10.36,2.0,2.33,2.64,2.97,4.01,6.58,9.15,10.09,11.07,9.67,7.35,5.16,1.55,-2.07,-1.09,-1.83,-3.03,-0.01,3.15,4.71,7.17,5.12,1.45,-3.03,-7.59,-10.19,-19.07,-14.95,-10.96,-6.83,-4.43,-0.15,4.45,2.19,-0.15,-4.93,-5.27,-7.84,-5.87,-2.9,-0.03,2.45,4.8,6.2,7.47,7.77,4.41,0.26,2.15,5.83,8.52,11.25,12.68,5.09,0.74,-0.43,-0.61,1.99,3.84,-1.52,-1.24,-1.38,-1.51,-1.64,-1.0,-3.79,0.27,3.85,0.61,0.18,0.62,-3.13,-11.28,-7.23,-13.69,-11.42,-8.73,-9.93,-3.9,-5.85,-4.91,-0.56,-0.53,-2.02,-6.57,-8.71,-8.67,-6.3,-3.14,-3.25,1.21,5.98,6.98,3.6,-0.28,-6.72,-10.1,-4.54,-7.24,-4.96,-5.28,0.09,2.95,8.17,7.04,6.73,2.61,-0.51,-1.09,-4.17,-8.76,-5.75,-5.41,-1.07,5.1,5.14,6.98,13.34,2.92,-3.0,-5.78,-5.91,-13.55,-11.86,-4.71,-1.05
55,51.625,23.625,10.15,11.7,15.77,19.84,12.57,13.62,3.94,4.14,4.33,4.54,6.24,8.97,10.69,11.71,12.76,10.99,8.45,7.52,4.24,0.96,-0.14,-0.38,-1.55,1.48,4.65,5.98,8.4,6.36,2.5,-2.4,-7.39,-9.99,-18.12,-14.96,-11.9,-8.75,-3.94,-0.44,4.99,3.17,1.3,-5.73,-6.88,-10.87,-7.93,-3.49,0.8,3.89,5.91,7.37,8.81,9.11,4.41,1.39,3.42,7.32,10.07,12.72,14.21,7.3,3.34,1.93,1.87,3.05,4.94,-1.81,-1.77,-2.21,-2.63,-3.07,-4.25,-3.71,-0.58,3.42,-2.46,-2.72,-0.68,-3.61,-14.83,-7.69,-16.32,-17.32,-13.37,-14.09,-4.89,-9.73,-7.04,-4.67,-5.04,-3.95,-4.84,-8.75,-10.54,-5.46,-2.64,-2.68,2.75,6.77,8.33,2.5,-1.41,-8.17,-8.47,-4.61,-7.81,-4.67,-7.28,-3.28,2.29,9.25,3.31,5.02,0.39,-2.92,-2.85,-8.24,-11.94,-7.22,-8.36,-0.48,7.43,7.26,8.17,14.17,4.87,-1.12,-3.37,-4.91,-12.28,-15.13,-4.82,0.37
56,51.375,23.625,10.15,11.7,15.77,19.84,12.57,13.62,3.94,4.14,4.33,4.54,6.24,8.97,10.69,11.71,12.76,10.99,8.45,7.52,4.24,0.96,-0.14,-0.38,-1.55,1.48,4.65,5.98,8.4,6.36,2.5,-2.4,-7.39,-9.99,-18.12,-14.96,-11.9,-8.75,-3.94,-0.44,4.99,3.17,1.3,-5.73,-6.88,-10.87,-7.93,-3.49,0.8,3.89,5.91,7.37,8.81,9.11,4.41,1.39,3.42,7.32,10.07,12.72,14.21,7.3,3.34,1.93,1.87,3.05,4.94,-1.81,-1.77,-2.21,-2.63,-3.07,-4.25,-3.71,-0.58,3.42,-2.46,-2.72,-0.68,-3.61,-14.83,-7.69,-16.32,-17.32,-13.37,-14.09,-4.89,-9.73,-7.04,-4.67,-5.04,-3.95,-4.84,-8.75,-10.54,-5.46,-2.64,-2.68,2.75,6.77,8.33,2.5,-1.41,-8.17,-8.47,-4.61,-7.81,-4.67,-7.28,-3.28,2.29,9.25,3.31,5.02,0.39,-2.92,-2.85,-8.24,-11.94,-7.22,-8.36,-0.48,7.43,7.26,8.17,14.17,4.87,-1.12,-3.37,-4.91,-12.28,-15.13,-4.82,0.37
57,51.125,23.625,10.15,11.7,15.77,19.84,12.57,13.62,3.94,4.14,4.33,4.54,6.24,8.97,10.69,11.71,12.76,10.99,8.45,7.52,4.24,0.96,-0.14,-0.38,-1.55,1.48,4.65,5.98,8.4,6.36,2.5,-2.4,-7.39,-9.99,-18.12,-14.96,-11.9,-8.75,-3.94,-0.44,4.99,3.17,1.3,-5.73,-6.88,-10.87,-7.93,-3.49,0.8,3.89,5.91,7.37,8.81,9.11,4.41,1.39,3.42,7.32,10.07,12.72,14.21,7.3,3.34,1.93,1.87,3.05,4.94,-1.81,-1.77,-2.21,-2.63,-3.07,-4.25,-3.71,-0.58,3.42,-2.46,-2.72,-0.68,-3.61,-14.83,-7.69,-16.32,-17.32,-13.37,-14.09,-4.89,-9.73,-7.04,-4.67,-5.04,-3.95,-4.84,-8.75,-10.54,-5.46,-2.64,-2.68,2.75,6.77,8.33,2.5,-1.41,-8.17,-8.47,-4.61,-7.81,-4.67,-7.28,-3.28,2.29,9.25,3.31,5.02,0.39,-2.92,-2.85,-8.24,-11.94,-7.22,-8.36,-0.48,7.43,7.26,8.17,14.17,4.87,-1.12,-3.37,-4.91,-12.28,-15.13,-4.82,0.37
58,50.875,23.625,9.57,11.76,14.9,18.05,11.82,10.76,4.8,4.85,4.9,4.95,5.99,8.14,10.6,11.57,12.58,11.03,8.21,7.38,5.49,3.59,1.39,0.88,-0.79,1.94,4.82,7.18,9.11,7.3,3.45,-1.56,-6.72,-11.8,-11.52,-10.43,-9.37,-8.28,-8.52,0.7,4.41,2.95,1.45,-4.24,-5.96,-12.08,-9.02,-4.01,0.85,3.63,6.03,7.49,8.77,9.24,3.87,2.37,4.87,7.19,7.75,10.15,11.81,7.24,3.3,1.3,1.12,2.25,2.41,-3.76,-3.09,-3.25,-3.4,-3.55,-4.61,-4.23,-2.24,3.38,-2.26,-5.06,1.01,-1.77,-13.68,-8.94,-15.47,-16.73,-14.76,-14.15,-4.69,-8.28,-7.01,-4.35,-2.63,-3.85,-2.01,-7.65,-7.9,-4.42,-2.05,0.68,4.37,8.34,8.44,4.51,0.37,-6.96,-6.93,-3.41,-3.84,-4.75,-11.67,-1.85,0.22,7.29,-0.29,3.65,-0.77,-7.11,-7.84,-12.6,-13.25,-9.81,-8.23,-1.44,6.42,7.39,5.79,14.74,4.93,-3.34,-4.28,-4.88,-11.1,-9.57,-3.09,1.37
59,50.625,23.625,9.57,11.76,14.9,18.05,11.82,10.76,4.8,4.85,4.9,4.95,5.99,8.14,10.6,11.57,12.58,11.03,8.21,7.38,5.49,3.59,1.39,0.88,-0.79,1.94,4.82,7.18,9.11,7.3,3.45,-1.56,-6.72,-11.8,-11.52,-10.43,-9.37,-8.28,-8.52,0.7,4.41,2.95,1.45,-4.24,-5.96,-12.08,-9.02,-4.01,0.85,3.63,6.03,7.49,8.77,9.24,3.87,2.37,4.87,7.19,7.75,10.15,11.81,7.24,3.3,1.3,1.12,2.25,2.41,-3.76,-3.09,-3.25,-3.4,-3.55,-4.61,-4.23,-2.24,3.38,-2.26,-5.06,1.01,-1.77,-13.68,-8.94,-15.47,-16.73,-14.76,-14.15,-4.69,-8.28,-7.01,-4.35,-2.63,-3.85,-2.01,-7.65,-7.9,-4.42,-2.05,0.68,4.37,8.34,8.44,4.51,0.37,-6.96,-6.93,-3.41,-3.84,-4.75,-11.67,-1.85,0.22,7.29,-0.29,3.65,-0.77,-7.11,-7.84,-12.6,-13.25,-9.81,-8.23,-1.44,6.42,7.39,5.79,14.74,4.93,-3.34,-4.28,-4.88,-11.1,-9.57,-3.09,1.37
60,50.375,23.625,9.57,11.76,14.9,18.05,11.82,10.76,4.8,4.85,4.9,4.95,5.99,8.14,10.6,11.57,12.58,11.03,8.21,7.38,5.49,3.59,1.39,0.88,-0.79,1.94,4.82,7.18,9.11,7.3,3.45,-1.56,-6.72,-11.8,-11.52,-10.43,-9.37,-8.28,-8.52,0.7,4.41,2.95,1.45,-4.24,-5.96,-12.08,-9.02,-4.01,0.85,3.63,6.03,7.49,8.77,9.24,3.87,2.37,4.87,7.19,7.75,10.15,11.81,7.24,3.3,1.3,1.12,2.25,2.41,-3.76,-3.09,-3.25,-3.4,-3.55,-4.61,-4.23,-2.24,3.38,-2.26,-5.06,1.01,-1.77,-13.68,-8.94,-15.47,-16.73,-14.76,-14.15,-4.69,-8.28,-7.01,-4.35,-2.63,-3.85,-2.01,-7.65,-7.9,-4.42,-2.05,0.68,4.37,8.34,8.44,4.51,0.37,-6.96,-6.93,-3.41,-3.84,-4.75,-11.67,-1.85,0.22,7.29,-0.29,3.65,-0.77,-7.11,-7.84,-12.6,-13.25,-9.81,-8.23,-1.44,6.42,7.39,5.79,14.74,4.93,-3.34,-4.28,-4.88,-11.1,-9.57,-3.09,1.37
61,50.125,23.625,9.57,11.76,14.9,18.05,11.82,10.76,4.8,4.85,4.9,4.95,5.99,8.14,10.6,11.57,12.58,11.03,8.21,7.38,5.49,3.59,1.39,0.88,-0.79,1.94,4.82,7.18,9.11,7.3,3.45,-1.56,-6.72,-11.8,-11.52,-10.43,-9.37,-8.28,-8.52,0.7,4.41,2.95,1.45,-4.24,-5.96,-12.08,-9.02,-4.01,0.85,3.63,6.03,7.49,8.77,9.24,3.87,2.37,4.87,7.19,7.75,10.15,11.81,7.24,3.3,1.3,1.12,2.25,2.41,-3.76,-3.09,-3.25,-3.4,-3.55,-4.61,-4.23,-2.24,3.38,-2.26,-5.06,1.01,-1.77,-13.68,-8.94,-15.47,-16.73,-14.76,-14.15,-4.69,-8.28,-7.01,-4.35,-2.63,-3.85,-2.01,-7.65,-7.9,-4.42,-2.05,0.68,4.37,8.34,8.44,4.51,0.37,-6.96,-6.93,-3.41,-3.84,-4.75,-11.67,-1.85,0.22,7.29,-0.29,3.65,-0.77,-7.11,-7.84,-12.6,-13.25,-9.81,-8.23,-1.44,6.42,7.39,5.79,14.74,4.93,-3.34,-4.28,-4.88,-11.1,-9.57,-3.09,1.37
62,52.625,23.875,8.97,10.62,15.26,19.9,12.6,10.36,2.0,2.33,2.64,2.97,4.01,6.58,9.15,10.09,11.07,9.67,7.35,5.16,1.55,-2.07,-1.09,-1.83,-3.03,-0.01,3.15,4.71,7.17,5.12,1.45,-3.03,-7.59,-10.19,-19.07,-14.95,-10.96,-6.83,-4.43,-0.15,4.45,2.19,-0.15,-4.93,-5.27,-7.84,-5.87,-2.9,-0.03,2.45,4.8,6.2,7.47,7.77,4.41,0.26,2.15,5.83,8.52,11.25,12.68,5.09,0.74,-0.43,-0.61,1.99,3.84,-1.52,-1.24,-1.38,-1.51,-1.64,-1.0,-3.79,0.27,3.85,0.61,0.18,0.62,-3.13,-11.28,-7.23,-13.69,-11.42,-8.73,-9.93,-3.9,-5.85,-4.91,-0.56,-0.53,-2.02,-6.57,-8.71,-8.67,-6.3,-3.14,-3.25,1.21,5.98,6.98,3.6,-0.28,-6.72,-10.1,-4.54,-7.24,-4.96,-5.28,0.09,2.95,8.17,7.04,6.73,2.61,-0.51,-1.09,-4.17,-8.76,-5.75,-5.41,-1.07,5.1,5.14,6.98,13.34,2.92,-3.0,-5.78,-5.91,-13.55,-11.86,-4.71,-1.05
63,52.375,23.875,8.97,10.62,15.26,19.9,12.6,10.36,2.0,2.33,2.64,2.97,4.01,6.58,9.15,10.09,11.07,9.67,7.35,5.16,1.55,-2.07,-1.09,-1.83,-3.03,-0.01,3.15,4.71,7.17,5.12,1.45,-3.03,-7.59,-10.19,-19.07,-14.95,-10.96,-6.83,-4.43,-0.15,4.45,2.19,-0.15,-4.93,-5.27,-7.84,-5.87,-2.9,-0.03,2.45,4.8,6.2,7.47,7.77,4.41,0.26,2.15,5.83,8.52,11.25,12.68,5.09,0.74,-0.43,-0.61,1.99,3.84,-1.52,-1.24,-1.38,-1.51,-1.64,-1.0,-3.79,0.27,3.85,0.61,0.18,0.62,-3.13,-11.28,-7.23,-13.69,-11.42,-8.73,-9.93,-3.9,-5.85,-4.91,-0.56,-0.53,-2.02,-6.57,-8.71,-8.67,-6.3,-3.14,-3.25,1.21,5.98,6.98,3.6,-0.28,-6.72,-10.1,-4.54,-7.24,-4.96,-5.28,0.09,2.95,8.17,7.04,6.73,2.61,-0.51,-1.09,-4.17,-8.76,-5.75,-5.41,-1.07,5.1,5.14,6.98,13.34,2.92,-3.0,-5.78,-5.91,-13.55,-11.86,-4.71,-1.05
64,52.125,23.875,8.97,10.62,15.26,19.9,12.6,10.36,2.0,2.33,2.64,2.97,4.01,6.58,9.15,10.09,11.07,9.67,7.35,5.16,1.55,-2.07,-1.09,-1.83,-3.03,-0.01,3.15,4.71,7.17,5.12,1.45,-3.03,-7.59,-10.19,-19.07,-14.95,-10.96,-6.83,-4.43,-0.15,4.45,2.19,-0.15,-4.93,-5.27,-7.84,-5.87,-2.9,-0.03,2.45,4.8,6.2,7.47,7.77,4.41,0.26,2.15,5.83,8.52,11.25,12.68,5.09,0.74,-0.43,-0.61,1.99,3.84,-1.52,-1.24,-1.38,-1.51,-1.64,-1.0,-3.79,0.27,3.85,0.61,0.18,0.62,-3.13,-11.28,-7.23,-13.69,-11.42,-8.73,-9.93,-3.9,-5.85,-4.91,-0.56,-0.53,-2.02,-6.57,-8.71,-8.67,-6.3,-3.14,-3.25,1.21,5.98,6.98,3.6,-0.28,-6.72,-10.1,-4.54,-7.24,-4.96,-5.28,0.09,2.95,8.17,7.04,6.73,2.61,-0.51,-1.09,-4.17,-8.76,-5.75,-5.41,-1.07,5.1,5.14,6.98,13.34,2.92,-3.0,-5.78,-5.91,-13.55,-11.86,-4.71,-1.05
65,51.875,23.875,8.97,10.62,15.26,19.9,12.6,10.36,2.0,2.33,2.64,2.97,4.01,6.58,9.15,10.09,11.07,9.67,7.35,5.16,1.55,-2.07,-1.09,-1.83,-3.03,-0.01,3.15,4.71,7.17,5.12,1.45,-3.03,-7.59,-10.19,-19.07,-14.95,-10.96,-6.83,-4.43,-0.15,4.45,2.19,-0.15,-4.93,-5.27,-7.84,-5.87,-2.9,-0.03,2.45,4.8,6.2,7.47,7.77,4.41,0.26,2.15,5.83,8.52,11.25,12.68,5.09,0.74,-0.43,-0.61,1.99,3.84,-1.52,-1.24,-1.38,-1.51,-1.64,-1.0,-3.79,0.27,3.85,0.61,0.18,0.62,-3.13,-11.28,-7.23,-13.69,-11.42,-8.73,-9.93,-3.9,-5.85,-4.91,-0.56,-0.53,-2.02,-6.57,-8.71,-8.67,-6.3,-3.14,-3.25,1.21,5.98,6.98,3.6,-0.28,-6.72,-10.1,-4.54,-7.24,-4.96,-5.28,0.09,2.95,8.17,7.04,6.73,2.61,-0.51,-1.09,-4.17,-8.76,-5.75,-5.41,-1.07,5.1,5.14,6.98,13.34,2.92,-3.0,-5.78,-5.91,-13.55,-11.86,-4.71,-1.05
66,51.625,23.875,10.15,11.7,15.77,19.84,12.57,13.62,3.94,4.14,4.33,4.54,6.24,8.97,10.69,11.71,12.76,10.99,8.45,7.52,4.24,0.96,-0.14,-0.38,-1.55,1.48,4.65,5.98,8.4,6.36,2.5,-2.4,-7.39,-9.99,-18.12,-14.96,-11.9,-8.75,-3.94,-0.44,4.99,3.17,1.3,-5.73,-6.88,-10.87,-7.93,-3.49,0.8,3.89,5.91,7.37,8.81,9.11,4.41,1.39,3.42,7.32,10.07,12.72,14.21,7.3,3.34,1.93,1.87,3.05,4.94,-1.81,-1.77,-2.21,-2.63,-3.07,-4.25,-3.71,-0.58,3.42,-2.46,-2.72,-0.68,-3.61,-14.83,-7.69,-16.32,-17.32,-13.37,-14.09,-4.89,-9.73,-7.04,-4.67,-5.04,-3.95,-4.84,-8.75,-10.54,-5.46,-2.64,-2.68,2.75,6.77,8.33,2.5,-1.41,-8.17,-8.47,-4.61,-7.81,-4.67,-7.28,-3.28,2.29,9.25,3.31,5.02,0.39,-2.92,-2.85,-8.24,-11.94,-7.22,-8.36,-0.48,7.43,7.26,8.17,14.17,4.87,-1.12,-3.37,-4.91,-12.28,-15.13,-4.82,0.37
67,51.375,23.875,10.15,11.7,15.77,19.84,12.57,13.62,3.94,4.14,4.33,4.54,6.24,8.97,10.69,11.71,12.76,10.99,8.45,7.52,4.24,0.96,-0.14,-0.38,-1.55,1.48,4.65,5.98,8.4,6.36,2.5,-2.4,-7.39,-9.99,-18.12,-14.96,-11.9,-8.75,-3.94,-0.44,4.99,3.17,1.3,-5.73,-6.88,-10.87,-7.93,-3.49,0.8,3.89,5.91,7.37,8.81,9.11,4.41,1.39,3.42,7.32,10.07,12.72,14.21,7.3,3.34,1.93,1.87,3.05,4.94,-1.81,-1.77,-2.21,-2.63,-3.07,-4.25,-3.71,-0.58,3.42,-2.46,-2.72,-0.68,-3.61,-14.83,-7.69,-16.32,-17.32,-13.37,-14.09,-4.89,-9.73,-7.04,-4.67,-5.04,-3.95,-4.84,-8.75,-10.54,-5.46,-2.64,-2.68,2.75,6.77,8.33,2.5,-1.41,-8.17,-8.47,-4.61,-7.81,-4.67,-7.28,-3.28,2.29,9.25,3.31,5.02,0.39,-2.92,-2.85,-8.24,-11.94,-7.22,-8.36,-0.48,7.43,7.26,8.17,14.17,4.87,-1.12,-3.37,-4.91,-12.28,-15.13,-4.82,0.37
68,51.125,23.875,10.15,11.7,15.77,19.84,12.57,13.62,3.94,4.14,4.33,4.54,6.24,8.97,10.69,11.71,12.76,10.99,8.45,7.52,4.24,0.96,-0.14,-0.38,-1.55,1.48,4.65,5.98,8.4,6.36,2.5,-2.4,-7.39,-9.99,-18.12,-14.96,-11.9,-8.75,-3.94,-0.44,4.99,3.17,1.3,-5.73,-6.88,-10.87,-7.93,-3.49,0.8,3.89,5.91,7.37,8.81,9.11,4.41,1.39,3.42,7.32,10.07,12.72,14.21,7.3,3.34,1.93,1.87,3.05,4.94,-1.81,-1.77,-2.21,-2.63,-3.07,-4.25,-3.71,-0.58,3.42,-2.46,-2.72,-0.68,-3.61,-14.83,-7.69,-16.32,-17.32,-13.37,-14.09,-4.89,-9.73,-7.04,-4.67,-5.04,-3.95,-4.84,-8.75,-10.54,-5.46,-2.64,-2.68,2.75,6.77,8.33,2.5,-1.41,-8.17,-8.47,-4.61,-7.81,-4.67,-7.28,-3.28,2.29,9.25,3.31,5.02,0.39,-2.92,-2.85,-8.24,-11.94,-7.22,-8.36,-0.48,7.43,7.26,8.17,14.17,4.87,-1.12,-3.37,-4.91,-12.28,-15.13,-4.82,0.37
69,50.875,23.875,10.15,11.7,15.77,19.84,12.57,13.62,3.94,4.14,4.33,4.54,6.24,8.97,10.69,11.71,12.76,10.99,8.45,7.52,4.24,0.96,-0.14,-0.38,-1.55,1.48,4.65,5.98,8.4,6.36,2.5,-2.4,-7.39,-9.99,-18.12,-14.96,-11.9,-8.75,-3.94,-0.44,4.99,3.17,1.3,-5.73,-6.88,-10.87,-7.93,-3.49,0.8,3.89,5.91,7.37,8.81,9.11,4.41,1.39,3.42,7.32,10.07,12.72,14.21,7.3,3.34,1.93,1.87,3.05,4.94,-1.81,-1.77,-2.21,-2.63,-3.07,-4.25,-3.71,-0.58,3.42,-2.46,-2.72,-0.68,-3.61,-14.83,-7.69,-16.32,-17.32,-13.37,-14.09,-4.89,-9.73,-7.04,-4.67,-5.04,-3.95,-4.84,-8.75,-10.54,-5.46,-2.64,-2.68,2.75,6.77,8.33,2.5,-1.41,-8.17,-8.47,-4.61,-7.81,-4.67,-7.28,-3.28,2.29,9.25,3.31,5.02,0.39,-2.92,-2.85,-8.24,-11.94,-7.22,-8.36,-0.48,7.43,7.26,8.17,14.17,4.87,-1.12,-3.37,-4.91,-12.28,-15.13,-4.82,0.37
70,50.625,23.875,9.57,11.76,14.9,18.05,11.82,10.76,4.8,4.85,4.9,4.95,5.99,8.14,10.6,11.57,12.58,11.03,8.21,7.38,5.49,3.59,1.39,0.88,-0.79,1.94,4.82,7.18,9.11,7.3,3.45,-1.56,-6.72,-11.8,-11.52,-10.43,-9.37,-8.28,-8.52,0.7,4.41,2.95,1.45,-4.24,-5.96,-12.08,-9.02,-4.01,0.85,3.63,6.03,7.49,8.77,9.24,3.87,2.37,4.87,7.19,7.75,10.15,11.81,7.24,3.3,1.3,1.12,2.25,2.41,-3.76,-3.09,-3.25,-3.4,-3.55,-4.61,-4.23,-2.24,3.38,-2.26,-5.06,1.01,-1.77,-13.68,-8.94,-15.47,-16.73,-14.76,-14.15,-4.69,-8.28,-7.01,-4.35,-2.63,-3.85,-2.01,-7.65,-7.9,-4.42,-2.05,0.68,4.37,8.34,8.44,4.51,0.37,-6.96,-6.93,-3.41,-3.84,-4.75,-11.67,-1.85,0.22,7.29,-0.29,3.65,-0.77,-7.11,-7.84,-12.6,-13.25,-9.81,-8.23,-1.44,6.42,7.39,5.79,14.74,4.93,-3.34,-4.28,-4.88,-11.1,-9.57,-3.09,1.37
71,50.375,23.875,9.57,11.76,14.9,18.05,11.82,10.76,4.8,4.85,4.9,4.95,5.99,8.14,10.6,11.57,12.58,11.03,8.21,7.38,5.49,3.59,1.39,0.88,-0.79,1.94,4.82,7.18,9.11,7.3,3.45,-1.56,-6.72,-11.8,-11.52,-10.43,-9.37,-8.28,-8.52,0.7,4.41,2.95,1.45,-4.24,-5.96,-12.08,-9.02,-4.01,0.85,3.63,6.03,7.49,8.77,9.24,3.87,2.37,4.87,7.19,7.75,10.15,11.81,7.24,3.3,1.3,1.12,2.25,2.41,-3.76,-3.09,-3.25,-3.4,-3.55,-4.61,-4.23,-2.24,3.38,-2.26,-5.06,1.01,-1.77,-13.68,-8.94,-15.47,-16.73,-14.76,-14.15,-4.69,-8.28,-7.01,-4.35,-2.63,-3.85,-2.01,-7.65,-7.9,-4.42,-2.05,0.68,4.37,8.34,8.44,4.51,0.37,-6.96,-6.93,-3.41,-3.84,-4.75,-11.67,-1.85,0.22,7.29,-0.29,3.65,-0.77,-7.11,-7.84,-12.6,-13.25,-9.81,-8.23,-1.44,6.42,7.39,5.79,14.74,4.93,-3.34,-4.28,-4.88,-11.1,-9.57,-3.09,1.37
72,50.125,23.875,9.57,11.76,14.9,18.05,11.82,10.76,4.8,4.85,4.9,4.95,5.99,8.14,10.6,11.57,12.58,11.03,8.21,7.38,5.49,3.59,1.39,0.88,-0.79,1.94,4.82,7.18,9.11,7.3,3.45,-1.56,-6.72,-11.8,-11.52,-10.43,-9.37,-8.28,-8.52,0.7,4.41,2.95,1.45,-4.24,-5.96,-12.08,-9.02,-4.01,0.85,3.63,6.03,7.49,8.77,9.24,3.87,2.37,4.87,7.19,7.75,10.15,11.81,7.24,3.3,1.3,1.12,2.25,2.41,-3.76,-3.09,-3.25,-3.4,-3.55,-4.61,-4.23,-2.24,3.38,-2.26,-5.06,1.01,-1.77,-13.68,-8.94,-15.47,-16.73,-14.76,-14.15,-4.69,-8.28,-7.01,-4.35,-2.63,-3.85,-2.01,-7.65,-7.9,-4.42,-2.05,0.68,4.37,8.34,8.44,4.51,0.37,-6.96,-6.93,-3.41,-3.84,-4.75,-11.67,-1.85,0.22,7.29,-0.29,3.65,-0.77,-7.11,-7.84,-12.6,-13.25,-9.81,-8.23,-1.44,6.42,7.39,5.79,14.74,4.93,-3.34,-4.28,-4.88,-11.1,-9.57,-3.09,1.37
73,49.875,23.875,7.98,11.37,13.4,15.44,11.51,10.45,5.23,4.83,4.44,4.04,5.2,6.55,9.32,10.83,12.38,10.83,8.19,7.49,5.78,4.07,0.93,1.3,-0.04,2.81,5.79,8.25,9.78,8.99,4.74,0.09,-4.86,-13.91,-8.28,-8.23,-8.18,-8.12,-6.01,0.73,5.35,2.65,-0.14,-2.05,-4.83,-10.17,-7.41,-2.91,1.45,3.96,6.18,7.56,8.78,9.34,2.48,4.1,4.6,6.67,8.41,9.94,10.68,8.29,4.12,1.97,2.02,2.42,1.98,-2.17,-3.41,-3.64,-3.87,-4.1,-6.7,-4.25,-3.28,3.48,-2.99,-4.33,0.85,0.76,-11.15,-7.61,-14.66,-16.36,-14.29,-13.38,-2.68,-5.51,-2.96,-3.16,0.08,-1.45,-0.29,-6.55,-7.51,-4.28,-1.78,1.02,4.22,8.9,8.77,4.57,0.42,-6.13,-6.84,-4.79,-6.79,-7.1,-11.68,-5.0,-2.24,7.84,-2.85,3.08,-2.37,-10.11,-12.06,-18.06,-15.26,-12.54,-9.45,-3.05,6.13,6.85,5.31,14.21,3.91,-4.38,-4.24,-5.06,-10.65,-9.65,-3.43,1.48
74,52.625,24.125,8.97,10.62,15.26,19.9,12.6,10.36,2.0,2.33,2.64,2.97,4.01,6.58,9.15,10.09,11.07,9.67,7.35,5.16,1.55,-2.07,-1.09,-1.83,-3.03,-0.01,3.15,4.71,7.17,5.12,1.45,-3.03,-7.59,-10.19,-19.07,-14.95,-10.96,-6.83,-4.43,-0.15,4.45,2.19,-0.15,-4.93,-5.27,-7.84,-5.87,-2.9,-0.03,2.45,4.8,6.2,7.47,7.77,4.41,0.26,2.15,5.83,8.52,11.25,12.68,5.09,0.74,-0.43,-0.61,1.99,3.84,-1.52,-1.24,-1.38,-1.51,-1.64,-1.0,-3.79,0.27,3.85,0.61,0.18,0.62,-3.13,-11.28,-7.23,-13.69,-11.42,-8.73,-9.93,-3.9,-5.85,-4.91,-0.56,-0.53,-2.02,-6.57,-8.71,-8.67,-6.3,-3.14,-3.25,1.21,5.98,6.98,3.6,-0.28,-6.72,-10.1,-4.54,-7.24,-4.96,-5.28,0.09,2.95,8.17,7.04,6.73,2.61,-0.51,-1.09,-4.17,-8.76,-5.75,-5.41,-1.07,5.1,5.14,6.98,13.34,2.92,-3.0,-5.78,-5.91,-13.55,-11.86,-4.71,-1.05
75,52.375,24.125,8.97,10.62,15.26,19.9,12.6,10.36,2.0,2.33,2.64,2.97,4.01,6.58,9.15,10.09,11.07,9.67,7.35,5.16,1.55,-2.07,-1.09,-1.83,-3.03,-0.01,3.15,4.71,7.17,5.12,1.45,-3.03,-7.59,-10.19,-19.07,-14.95,-10.96,-6.83,-4.43,-0.15,4.45,2.19,-0.15,-4.93,-5.27,-7.84,-5.87,-2.9,-0.03,2.45,4.8,6.2,7.47,7.77,4.41,0.26,2.15,5.83,8.52,11.25,12.68,5.09,0.74,-0.43,-0.61,1.99,3.84,-1.52,-1.24,-1.38,-1.51,-1.64,-1.0,-3.79,0.27,3.85,0.61,0.18,0.62,-3.13,-11.28,-7.23,-13.69,-11.42,-8.73,-9.93,-3.9,-5.85,-4.91,-0.56,-0.53,-2.02,-6.57,-8.71,-8.67,-6.3,-3.14,-3.25,1.21,5.98,6.98,3.6,-0.28,-6.72,-10.1,-4.54,-7.24,-4.96,-5.28,0.09,2.95,8.17,7.04,6.73,2.61,-0.51,-1.09,-4.17,-8.76,-5.75,-5.41,-1.07,5.1,5.14,6.98,13.34,2.92,-3.0,-5.78,-5.91,-13.55,-11.86,-4.71,-1.05
76,52.125,24.125,8.97,10.62,15.26,19.9,12.6,10.36,2.0,2.33,2.64,2.97,4.01,6.58,9.15,10.09,11.07,9.67,7.35,5.16,1.55,-2.07,-1.09,-1.83,-3.03,-0.01,3.15,4.71,7.17,5.12,1.45,-3.03,-7.59,-10.19,-19.07,-14.95,-10.96,-6.83,-4.43,-0.15,4.45,2.19,-0.15,-4.93,-5.27,-7.84,-5.87,-2.9,-0.03,2.45,4.8,6.2,7.47,7.77,4.41,0.26,2.15,5.83,8.52,11.25,12.68,5.09,0.74,-0.43,-0.61,1.99,3.84,-1.52,-1.24,-1.38,-1.51,-1.64,-1.0,-3.79,0.27,3.85,0.61,0.18,0.62,-3.13,-11.28,-7.23,-13.69,-11.42,-8.73,-9.93,-3.9,-5.85,-4.91,-0.56,-0.53,-2.02,-6.57,-8.71,-8.67,-6.3,-3.14,-3.25,1.21,5.98,6.98,3.6,-0.28,-6.72,-10.1,-4.54,-7.24,-4.96,-5.28,0.09,2.95,8.17,7.04,6.73,2.61,-0.51,-1.09,-4.17,-8.76,-5.75,-5.41,-1.07,5.1,5.14,6.98,13.34,2.92,-3.0,-5.78,-5.91,-13.55,-11.86,-4.71,-1.05
77,51.875,24.125,10.15,11.7,15.77,19.84,12.57,13.62,3.94,4.14,4.33,4.54,6.24,8.97,10.69,11.71,12.76,10.99,8.45,7.52,4.24,0.96,-0.14,-0.38,-1.55,1.48,4.65,5.98,8.4,6.36,2.5,-2.4,-7.39,-9.99,-18.12,-14.96,-11.9,-8.75,-3.94,-0.44,4.99,3.17,1.3,-5.73,-6.88,-10.87,-7.93,-3.49,0.8,3.89,5.91,7.37,8.81,9.11,4.41,1.39,3.42,7.32,10.07,12.72,14.21,7.3,3.34,1.93,1.87,3.05,4.94,-1.81,-1.77,-2.21,-2.63,-3.07,-4.25,-3.71,-0.58,3.42,-2.46,-2.72,-0.68,-3.61,-14.83,-7.69,-16.32,-17.32,-13.37,-14.09,-4.89,-9.73,-7.04,-4.67,-5.04,-3.95,-4.84,-8.75,-10.54,-5.46,-2.64,-2.68,2.75,6.77,8.33,2.5,-1.41,-8.17,-8.47,-4.61,-7.81,-4.67,-7.28,-3.28,2.29,9.25,3.31,5.02,0.39,-2.92,-2.85,-8.24,-11.94,-7.22,-8.36,-0.48,7.43,7.26,8.17,14.17,4.87,-1.12,-3.37,-4.91,-12.28,-15.13,-4.82,0.37
78,51.625,24.125,10.15,11.7,15.77,19.84,12.57,13.62,3.94,4.14,4.33,4.54,6.24,8.97,10.69,11.71,12.76,10.99,8.45,7.52,4.24,0.96,-0.14,-0.38,-1.55,1.48,4.65,5.98,8.4,6.36,2.5,-2.4,-7.39,-9.99,-18.12,-14.96,-11.9,-8.75,-3.94,-0.44,4.99,3.17,1.3,-5.73,-6.88,-10.87,-7.93,-3.49,0.8,3.89,5.91,7.37,8.81,9.11,4.41,1.39,3.42,7.32,10.07,12.72,14.21,7.3,3.34,1.93,1.87,3.05,4.94,-1.81,-1.77,-2.21,-2.63,-3.07,-4.25,-3.71,-0.58,3.42,-2.46,-2.72,-0.68,-3.61,-14.83,-7.69,-16.32,-17.32,-13.37,-14.09,-4.89,-9.73,-7.04,-4.67,-5.04,-3.95,-4.84,-8.75,-10.54,-5.46,-2.64,-2.68,2.75,6.77,8.33,2.5,-1.41,-8.17,-8.47,-4.61,-7.81,-4.67,-7.28,-3.28,2.29,9.25,3.31,5.02,0.39,-2.92,-2.85,-8.24,-11.94,-7.22,-8.36,-0.48,7.43,7.26,8.17,14.17,4.87,-1.12,-3.37,-4.91,-12.28,-15.13,-4.82,0.37
79,51.375,24.125,10.15,11.7,15.77,19.84,12.57,13.62,3.94,4.14,4.33,4.54,6.24,8.97,10.69,11.71,12.76,10.99,8.45,7.52,4.24,0.96,-0.14,-0.38,-1.55,1.48,4.65,5.98,8.4,6.36,2.5,-2.4,-7.39,-9.99,-18.12,-14.96,-11.9,-8.75,-3.94,-0.44,4.99,3.17,1.3,-5.73,-6.88,-10.87,-7.93,-3.49,0.8,3.89,5.91,7.37,8.81,9.11,4.41,1.39,3.42,7.32,10.07,12.72,14.21,7.3,3.34,1.93,1.87,3.05,4.94,-1.81,-1.77,-2.21,-2.63,-3.07,-4.25,-3.71,-0.58,3.42,-2.46,-2.72,-0.68,-3.61,-14.83,-7.69,-16.32,-17.32,-13.37,-14.09,-4.89,-9.73,-7.04,-4.67,-5.04,-3.95,-4.84,-8.75,-10.54,-5.46,-2.64,-2.68,2.75,6.77,8.33,2.5,-1.41,-8.17,-8.47,-4.61,-7.81,-4.67,-7.28,-3.28,2.29,9.25,3.31,5.02,0.39,-2.92,-2.85,-8.24,-11.94,-7.22,-8.36,-0.48,7.43,7.26,8.17,14.17,4.87,-1.12,-3.37,-4.91,-12.28,-15.13,-4.82,0.37
80,51.125,24.125,10.15,11.7,15.77,19.84,12.57,13.62,3.94,4.14,4.33,4.54,6.24,8.97,10.69,11.71,12.76,10.99,8.45,7.52,4.24,0.96,-0.14,-0.38,-1.55,1.48,4.65,5.98,8.4,6.36,2.5,-2.4,-7.39,-9.99,-18.12,-14.96,-11.9,-8.75,-3.94,-0.44,4.99,3.17,1.3,-5.73,-6.88,-10.87,-7.93,-3.49,0.8,3.89,5.91,7.37,8.81,9.11,4.41,1.39,3.42,7.32,10.07,12.72,14.21,7.3,3.34,1.93,1.87,3.05,4.94,-1.81,-1.77,-2.21,-2.63,-3.07,-4.25,-3.71,-0.58,3.42,-2.46,-2.72,-0.68,-3.61,-14.83,-7.69,-16.32,-17.32,-13.37,-14.09,-4.89,-9.73,-7.04,-4.67,-5.04,-3.95,-4.84,-8.75,-10.54,-5.46,-2.64,-2.68,2.75,6.77,8.33,2.5,-1.41,-8.17,-8.47,-4.61,-7.81,-4.67,-7.28,-3.28,2.29,9.25,3.31,5.02,0.39,-2.92,-2.85,-8.24,-11.94,-7.22,-8.36,-0.48,7.43,7.26,8.17,14.17,4.87,-1.12,-3.37,-4.91,-12.28,-15.13,-4.82,0.37
81,50.875,24.125,10.15,11.7,15.77,19.84,12.57,13.62,3.94,4.14,4.33,4.54,6.24,8.97,10.69,11.71,12.76,10.99,8.45,7.52,4.24,0.96,-0.14,-0.38,-1.55,1.48,4.65,5.98,8.4,6.36,2.5,-2.4,-7.39,-9.99,-18.12,-14.96,-11.9,-8.75,-3.94,-0.44,4.99,3.17,1.3,-5.73,-6.88,-10.87,-7.93,-3.49,0.8,3.89,5.91,7.37,8.81,9.11,4.41,1.39,3.42,7.32,10.07,12.72,14.21,7.3,3.34,1.93,1.87,3.05,4.94,-1.81,-1.77,-2.21,-2.63,-3.07,-4.25,-3.71,-0.58,3.42,-2.46,-2.72,-0.68,-3.61,-14.83,-7.69,-16.32,-17.32,-13.37,-14.09,-4.89,-9.73,-7.04,-4.67,-5.04,-3.95,-4.84,-8.75,-10.54,-5.46,-2.64,-2.68,2.75,6.77,8.33,2.5,-1.41,-8.17,-8.47,-4.61,-7.81,-4.67,-7.28,-3.28,2.29,9.25,3.31,5.02,0.39,-2.92,-2.85,-8.24,-11.94,-7.22,-8.36,-0.48,7.43,7.26,8.17,14.17,4.87,-1.12,-3.37,-4.91,-12.28,-15.13,-4.82,0.37
82,50.625,24.125,10.77,12.62,15.17,17.73,13.12,14.02,6.39,6.19,5.99,5.79,7.29,8.69,11.21,12.45,13.73,12.21,9.89,9.45,6.71,3.96,0.86,1.29,0.19,2.86,5.66,7.55,9.62,8.17,4.12,-0.61,-5.5,-10.06,-12.87,-11.42,-10.01,-8.55,-1.39,-0.64,5.83,3.54,1.17,-4.14,-8.03,-12.13,-8.61,-3.43,1.58,4.75,6.5,8.03,9.59,10.15,4.45,3.27,3.46,5.89,8.3,10.64,12.21,8.43,4.63,2.94,2.9,3.41,3.74,-1.31,-2.48,-3.03,-3.57,-4.12,-7.05,-3.71,-1.39,3.44,-4.02,-2.63,-0.99,-1.72,-14.3,-6.8,-16.23,-19.64,-14.67,-15.93,-4.99,-10.56,-6.58,-5.74,-5.81,-2.71,-2.85,-8.03,-10.95,-4.5,-2.4,-1.83,3.96,8.29,9.18,2.02,-1.5,-7.47,-8.76,-5.22,-9.23,-6.29,-8.88,-6.91,-0.75,6.34,0.19,3.77,-2.58,-7.67,-7.66,-14.97,-13.88,-10.05,-11.1,-1.24,7.78,8.32,7.46,10.51,5.89,-0.19,-2.37,-4.65,-11.26,-17.52,-6.0,0.52
83,50.375,24.125,10.77,12.62,15.17,17.73,13.12,14.02,6.39,6.19,5.99,5.79,7.29,8.69,11.21,12.45,13.73,12.21,9.89,9.45,6.71,3.96,0.86,1.29,0.19,2.86,5.66,7.55,9.62,8.17,4.12,-0.61,-5.5,-10.06,-12.87,-11.42,-10.01,-8.55,-1.39,-0.64,5.83,3.54,1.17,-4.14,-8.03,-12.13,-8.61,-3.43,1.58,4.75,6.5,8.03,9.59,10.15,4.45,3.27,3.46,5.89,8.3,10.64,12.21,8.43,4.63,2.94,2.9,3.41,3.74,-1.31,-2.48,-3.03,-3.57,-4.12,-7.05,-3.71,-1.39,3.44,-4.02,-2.63,-0.99,-1.72,-14.3,-6.8,-16.23,-19.64,-14.67,-15.93,-4.99,-10.56,-6.58,-5.74,-5.81,-2.71,-2.85,-8.03,-10.95,-4.5,-2.4,-1.83,3.96,8.29,9.18,2.02,-1.5,-7.47,-8.76,-5.22,-9.23,-6.29,-8.88,-6.91,-0.75,6.34,0.19,3.77,-2.58,-7.67,-7.66,-14.97,-13.88,-10.05,-11.1,-1.24,7.78,8.32,7.46,10.51,5.89,-0.19,-2.37,-4.65,-11.26,-17.52,-6.0,0.52
84,50.125,24.125,10.77,12.62,15.17,17.73,13.12,14.02,6.39,6.19,5.99,5.79,7.29,8.69,11.21,12.45,13.73,12.21,9.89,9.45,6.71,3.96,0.86,1.29,0.19,2.86,5.66,7.55,9.62,8.17,4.12,-0.61,-5.5,-10.06,-12.87,-11.42,-10.01,-8.55,-1.39,-0.64,5.83,3.54,1.17,-4.14,-8.03,-12.13,-8.61,-3.43,1.58,4.75,6.5,8.03,9.59,10.15,4.45,3.27,3.46,5.89,8.3,10.64,12.21,8.43,4.63,2.94,2.9,3.41,3.74,-1.31,-2.48,-3.03,-3.57,-4.12,-7.05,-3.71,-1.39,3.44,-4.02,-2.63,-0.99,-1.72,-14.3,-6.8,-16.23,-19.64,-14.67,-15.93,-4.99,-10.56,-6.58,-5.74,-5.81,-2.71,-2.85,-8.03,-10.95,-4.5,-2.4,-1.83,3.96,8.29,9.18,2.02,-1.5,-7.47,-8.76,-5.22,-9.23,-6.29,-8.88,-6.91,-0.75,6.34,0.19,3.77,-2.58,-7.67,-7.66,-14.97,-13.88,-10.05,-11.1,-1.24,7.78,8.32,7.46,10.51,5.89,-0.19,-2.37,-4.65,-11.26,-17.52,-6.0,0.52
85,49.875,24.125,7.98,11.37,13.4,15.44,11.51,10.45,5.23,4.83,4.44,4.04,5.2,6.55,9.32,10.83,12.38,10.83,8.19,7.49,5.78,4.07,0.93,1.3,-0.04,2.81,5.79,8.25,9.78,8.99,4.74,0.09,-4.86,-13.91,-8.28,-8.23,-8.18,-8.12,-6.01,0.73,5.35,2.65,-0.14,-2.05,-4.83,-10.17,-7.41,-2.91,1.45,3.96,6.18,7.56,8.78,9.34,2.48,4.1,4.6,6.67,8.41,9.94,10.68,8.29,4.12,1.97,2.02,2.42,1.98,-2.17,-3.41,-3.64,-3.87,-4.1,-6.7,-4.25,-3.28,3.48,-2.99,-4.33,0.85,0.76,-11.15,-7.61,-14.66,-16.36,-14.29,-13.38,-2.68,-5.51,-2.96,-3.16,0.08,-1.45,-0.29,-6.55,-7.51,-4.28,-1.78,1.02,4.22,8.9,8.77,4.57,0.42,-6.13,-6.84,-4.79,-6.79,-7.1,-11.68,-5.0,-2.24,7.84,-2.85,3.08,-2.37,-10.11,-12.06,-18.06,-15.26,-12.54,-9.45,-3.05,6.13,6.85,5.31,14.21,3.91,-4.38,-4.24,-5.06,-10.65,-9.65,-3.43,1.48
86,49.625,24.125,7.98,11.37,13.4,15.44,11.51,10.45,5.23,4.83,4.44,4.04,5.2,6.55,9.32,10.83,12.38,10.83,8.19,7.49,5.78,4.07,0.93,1.3,-0.04,2.81,5.79,8.25,9.78,8.99,4.74,0.09,-4.86,-13.91,-8.28,-8.23,-8.18,-8.12,-6.01,0.73,5.35,2.65,-0.14,-2.05,-4.83,-10.17,-7.41,-2.91,1.45,3.96,6.18,7.56,8.78,9.34,2.48,4.1,4.6,6.67,8.41,9.94,10.68,8.29,4.12,1.97,2.02,2.42,1.98,-2.17,-3.41,-3.64,-3.87,-4.1,-6.7,-4.25,-3.28,3.48,-2.99,-4.33,0.85,0.76,-11.15,-7.61,-14.66,-16.36,-14.29,-13.38,-2.68,-5.51,-2.96,-3.16,0.08,-1.45,-0.29,-6.55,-7.51,-4.28,-1.78,1.02,4.22,8.9,8.77,4.57,0.42,-6.13,-6.84,-4.79,-6.79,-7.1,-11.68,-5.0,-2.24,7.84,-2.85,3.08,-2.37,-10.11,-12.06,-18.06,-15.26,-12.54,-9.45,-3.05,6.13,6.85,5.31,14.21,3.91,-4.38,-4.24,-5.06,-10.65,-9.65,-3.43,1.48
87,52.625,24.375,8.97,10.62,15.26,19.9,12.6,10.36,2.0,2.33,2.64,2.97,4.01,6.58,9.15,10.09,11.07,9.67,7.35,5.16,1.55,-2.07,-1.09,-1.83,-3.03,-0.01,3.15,4.71,7.17,5.12,1.45,-3.03,-7.59,-10.19,-19.07,-14.95,-10.96,-6.83,-4.43,-0.15,4.45,2.19,-0.15,-4.93,-5.27,-7.84,-5.87,-2.9,-0.03,2.45,4.8,6.2,7.47,7.77,4.41,0.26,2.15,5.83,8.52,11.25,12.68,5.09,0.74,-0.43,-0.61,1.99,3.84,-1.52,-1.24,-1.38,-1.51,-1.64,-1.0,-3.79,0.27,3.85,0.61,0.18,0.62,-3.13,-11.28,-7.23,-13.69,-11.42,-8.73,-9.93,-3.9,-5.85,-4.91,-0.56,-0.53,-2.02,-6.57,-8.71,-8.67,-6.3,-3.14,-3.25,1.21,5.98,6.98,3.6,-0.28,-6.72,-10.1,-4.54,-7.24,-4.96,-5.28,0.09,2.95,8.17,7.04,6.73,2.61,-0.51,-1.09,-4.17,-8.76,-5.75,-5.41,-1.07,5.1,5.14,6.98,13.34,2.92,-3.0,-5.78,-5.91,-13.55,-11.86,-4.71,-1.05
88,52.375,24.375,8.97,10.62,15.26,19.9,12.6,10.36,2.0,2.33,2.64,2.97,4.01,6.58,9.15,10.09,11.07,9.67,7.35,5.16,1.55,-2.07,-1.09,-1.83,-3.03,-0.01,3.15,4.71,7.17,5.12,1.45,-3.03,-7.59,-10.19,-19.07,-14.95,-10.96,-6.83,-4.43,-0.15,4.45,2.19,-0.15,-4.93,-5.27,-7.84,-5.87,-2.9,-0.03,2.45,4.8,6.2,7.47,7.77,4.41,0.26,2.15,5.83,8.52,11.25,12.68,5.09,0.74,-0.43,-0.61,1.99,3.84,-1.52,-1.24,-1.38,-1.51,-1.64,-1.0,-3.79,0.27,3.85,0.61,0.18,0.62,-3.13,-11.28,-7.23,-13.69,-11.42,-8.73,-9.93,-3.9,-5.85,-4.91,-0.56,-0.53,-2.02,-6.57,-8.71,-8.67,-6.3,-3.14,-3.25,1.21,5.98,6.98,3.6,-0.28,-6.72,-10.1,-4.54,-7.24,-4.96,-5.28,0.09,2.95,8.17,7.04,6.73,2.61,-0.51,-1.09,-4.17,-8.76,-5.75,-5.41,-1.07,5.1,5.14,6.98,13.34,2.92,-3.0,-5.78,-5.91,-13.55,-11.86,-4.71,-1.05
89,52.125,24.375,8.97,10.62,15.26,19.9,12.6,10.36,2.0,2.33,2.64,2.97,4.01,6.58,9.15,10.09,11.07,9.67,7.35,5.16,1.55,-2.07,-1.09,-1.83,-3.03,-0.01,3.15,4.71,7.17,5.12,1.45,-3.03,-7.59,-10.19,-19.07,-14.95,-10.96,-6.83,-4.43,-0.15,4.45,2.19,-0.15,-4.93,-5.27,-7.84,-5.87,-2.9,-0.03,2.45,4.8,6.2,7.47,7.77,4.41,0.26,2.15,5.83,8.52,11.25,12.68,5.09,0.74,-0.43,-0.61,1.99,3.84,-1.52,-1.24,-1.38,-1.51,-1.64,-1.0,-3.79,0.27,3.85,0.61,0.18,0.62,-3.13,-11.28,-7.23,-13.69,-11.42,-8.73,-9.93,-3.9,-5.85,-4.91,-0.56,-0.53,-2.02,-6.57,-8.71,-8.67,-6.3,-3.14,-3.25,1.21,5.98,6.98,3.6,-0.28,-6.72,-10.1,-4.54,-7.24,-4.96,-5.28,0.09,2.95,8.17,7.04,6.73,2.61,-0.51,-1.09,-4.17,-8.76,-5.75,-5.41,-1.07,5.1,5.14,6.98,13.34,2.92,-3.0,-5.78,-5.91,-13.55,-11.86,-4.71,-1.05
90,51.875,24.375,10.15,11.7,15.77,19.84,12.57,13.62,3.94,4.14,4.33,4.54,6.24,8.97,10.69,11.71,12.76,10.99,8.45,7.52,4.24,0.96,-0.14,-0.38,-1.55,1.48,4.65,5.98,8.4,6.36,2.5,-2.4,-7.39,-9.99,-18.12,-14.96,-11.9,-8.75,-3.94,-0.44,4.99,3.17,1.3,-5.73,-6.88,-10.87,-7.93,-3.49,0.8,3.89,5.91,7.37,8.81,9.11,4.41,1.39,3.42,7.32,10.07,12.72,14.21,7.3,3.34,1.93,1.87,3.05,4.94,-1.81,-1.77,-2.21,-2.63,-3.07,-4.25,-3.71,-0.58,3.42,-2.46,-2.72,-0.68,-3.61,-14.83,-7.69,-16.32,-17.32,-13.37,-14.09,-4.89,-9.73,-7.04,-4.67,-5.04,-3.95,-4.84,-8.75,-10.54,-5.46,-2.64,-2.68,2.75,6.77,8.33,2.5,-1.41,-8.17,-8.47,-4.61,-7.81,-4.67,-7.28,-3.28,2.29,9.25,3.31,5.02,0.39,-2.92,-2.85,-8.24,-11.94,-7.22,-8.36,-0.48,7.43,7.26,8.17,14.17,4.87,-1.12,-3.37,-4.91,-12.28,-15.13,-4.82,0.37
91,51.625,24.375,10.15,11.7,15.77,19.84,12.57,13.62,3.94,4.14,4.33,4.54,6.24,8.97,10.69,11.71,12.76,10.99,8.45,7.52,4.24,0.96,-0.14,-0.38,-1.55,1.48,4.65,5.98,8.4,6.36,2.5,-2.4,-7.39,-9.99,-18.12,-14.96,-11.9,-8.75,-3.94,-0.44,4.99,3.17,1.3,-5.73,-6.88,-10.87,-7.93,-3.49,0.8,3.89,5.91,7.37,8.81,9.11,4.41,1.39,3.42,7.32,10.07,12.72,14.21,7.3,3.34,1.93,1.87,3.05,4.94,-1.81,-1.77,-2.21,-2.63,-3.07,-4.25,-3.71,-0.58,3.42,-2.46,-2.72,-0.68,-3.61,-14.83,-7.69,-16.32,-17.32,-13.37,-14.09,-4.89,-9.73,-7.04,-4.67,-5.04,-3.95,-4.84,-8.75,-10.54,-5.46,-2.64,-2.68,2.75,6.77,8.33,2.5,-1.41,-8.17,-8.47,-4.61,-7.81,-4.67,-7.28,-3.28,2.29,9.25,3.31,5.02,0.39,-2.92,-2.85,-8.24,-11.94,-7.22,-8.36,-0.48,7.43,7.26,8.17,14.17,4.87,-1.12,-3.37,-4.91,-12.28,-15.13,-4.82,0.37
92,51.125,24.375,10.15,11.7,15.77,19.84,12.57,13.62,3.94,4.14,4.33,4.54,6.24,8.97,10.69,11.71,12.76,10.99,8.45,7.52,4.24,0.96,-0.14,-0.38,-1.55,1.48,4.65,5.98,8.4,6.36,2.5,-2.4,-7.39,-9.99,-18.12,-14.96,-11.9,-8.75,-3.94,-0.44,4.99,3.17,1.3,-5.73,-6.88,-10.87,-7.93,-3.49,0.8,3.89,5.91,7.37,8.81,9.11,4.41,1.39,3.42,7.32,10.07,12.72,14.21,7.3,3.34,1.93,1.87,3.05,4.94,-1.81,-1.77,-2.21,-2.63,-3.07,-4.25,-3.71,-0.58,3.42,-2.46,-2.72,-0.68,-3.61,-14.83,-7.69,-16.32,-17.32,-13.37,-14.09,-4.89,-9.73,-7.04,-4.67,-5.04,-3.95,-4.84,-8.75,-10.54,-5.46,-2.64,-2.68,2.75,6.77,8.33,2.5,-1.41,-8.17,-8.47,-4.61,-7.81,-4.67,-7.28,-3.28,2.29,9.25,3.31,5.02,0.39,-2.92,-2.85,-8.24,-11.94,-7.22,-8.36,-0.48,7.43,7.26,8.17,14.17,4.87,-1.12,-3.37,-4.91,-12.28,-15.13,-4.82,0.37
93,50.875,24.375,10.15,11.7,15.77,19.84,12.57,13.62,3.94,4.14,4.33,4.54,6.24,8.97,10.69,11.71,12.76,10.99,8.45,7.52,4.24,0.96,-0.14,-0.38,-1.55,1.48,4.65,5.98,8.4,6.36,2.5,-2.4,-7.39,-9.99,-18.12,-14.96,-11.9,-8.75,-3.94,-0.44,4.99,3.17,1.3,-5.73,-6.88,-10.87,-7.93,-3.49,0.8,3.89,5.91,7.37,8.81,9.11,4.41,1.39,3.42,7.32,10.07,12.72,14.21,7.3,3.34,1.93,1.87,3.05,4.94,-1.81,-1.77,-2.21,-2.63,-3.07,-4.25,-3.71,-0.58,3.42,-2.46,-2.72,-0.68,-3.61,-14.83,-7.69,-16.32,-17.32,-13.37,-14.09,-4.89,-9.73,-7.04,-4.67,-5.04,-3.95,-4.84,-8.75,-10.54,-5.46,-2.64,-2.68,2.75,6.77,8.33,2.5,-1.41,-8.17,-8.47,-4.61,-7.81,-4.67,-7.28,-3.28,2.29,9.25,3.31,5.02,0.39,-2.92,-2.85,-8.24,-11.94,-7.22,-8.36,-0.48,7.43,7.26,8.17,14.17,4.87,-1.12,-3.37,-4.91,-12.28,-15.13,-4.82,0.37
94,50.625,24.375,10.77,12.62,15.17,17.73,13.12,14.02,6.39,6.19,5.99,5.79,7.29,8.69,11.21,12.45,13.73,12.21,9.89,9.45,6.71,3.96,0.86,1.29,0.19,2.86,5.66,7.55,9.62,8.17,4.12,-0.61,-5.5,-10.06,-12.87,-11.42,-10.01,-8.55,-1.39,-0.64,5.83,3.54,1.17,-4.14,-8.03,-12.13,-8.61,-3.43,1.58,4.75,6.5,8.03,9.59,10.15,4.45,3.27,3.46,5.89,8.3,10.64,12.21,8.43,4.63,2.94,2.9,3.41,3.74,-1.31,-2.48,-3.03,-3.57,-4.12,-7.05,-3.71,-1.39,3.44,-4.02,-2.63,-0.99,-1.72,-14.3,-6.8,-16.23,-19.64,-14.67,-15.93,-4.99,-10.56,-6.58,-5.74,-5.81,-2.71,-2.85,-8.03,-10.95,-4.5,-2.4,-1.83,3.96,8.29,9.18,2.02,-1.5,-7.47,-8.76,-5.22,-9.23,-6.29,-8.88,-6.91,-0.75,6.34,0.19,3.77,-2.58,-7.67,-7.66,-14.97,-13.88,-10.05,-11.1,-1.24,7.78,8.32,7.46,10.51,5.89,-0.19,-2.37,-4.65,-11.26,-17.52,-6.0,0.52
95,50.375,24.375,10.77,12.62,15.17,17.73,13.12,14.02,6.39,6.19,5.99,5.79,7.29,8.69,11.21,12.45,13.73,12.21,9.89,9.45,6.71,3.96,0.86,1.29,0.19,2.86,5.66,7.55,9.62,8.17,4.12,-0.61,-5.5,-10.06,-12.87,-11.42,-10.01,-8.55,-1.39,-0.64,5.83,3.54,1.17,-4.14,-8.03,-12.13,-8.61,-3.43,1.58,4.75,6.5,8.03,9.59,10.15,4.45,3.27,3.46,5.89,8.3,10.64,12.21,8.43,4.63,2.94,2.9,3.41,3.74,-1.31,-2.48,-3.03,-3.57,-4.12,-7.05,-3.71,-1.39,3.44,-4.02,-2.63,-0.99,-1.72,-14.3,-6.8,-16.23,-19.64,-14.67,-15.93,-4.99,-10.56,-6.58,-5.74,-5.81,-2.71,-2.85,-8.03,-10.95,-4.5,-2.4,-1.83,3.96,8.29,9.18,2.02,-1.5,-7.47,-8.76,-5.22,-9.23,-6.29,-8.88,-6.91,-0.75,6.34,0.19,3.77,-2.58,-7.67,-7.66,-14.97,-13.88,-10.05,-11.1,-1.24,7.78,8.32,7.46,10.51,5.89,-0.19,-2.37,-4.65,-11.26,-17.52,-6.0,0.52
96,50.125,24.375,10.77,12.62,15.17,17.73,13.12,14.02,6.39,6.19,5.99,5.79,7.29,8.69,11.21,12.45,13.73,12.21,9.89,9.45,6.71,3.96,0.86,1.29,0.19,2.86,5.66,7.55,9.62,8.17,4.12,-0.61,-5.5,-10.06,-12.87,-11.42,-10.01,-8.55,-1.39,-0.64,5.83,3.54,1.17,-4.14,-8.03,-12.13,-8.61,-3.43,1.58,4.75,6.5,8.03,9.59,10.15,4.45,3.27,3.46,5.89,8.3,10.64,12.21,8.43,4.63,2.94,2.9,3.41,3.74,-1.31,-2.48,-3.03,-3.57,-4.12,-7.05,-3.71,-1.39,3.44,-4.02,-2.63,-0.99,-1.72,-14.3,-6.8,-16.23,-19.64,-14.67,-15.93,-4.99,-10.56,-6.58,-5.74,-5.81,-2.71,-2.85,-8.03,-10.95,-4.5,-2.4,-1.83,3.96,8.29,9.18,2.02,-1.5,-7.47,-8.76,-5.22,-9.23,-6.29,-8.88,-6.91,-0.75,6.34,0.19,3.77,-2.58,-7.67,-7.66,-14.97,-13.88,-10.05,-11.1,-1.24,7.78,8.32,7.46,10.51,5.89,-0.19,-2.37,-4.65,-11.26,-17.52,-6.0,0.52
97,49.875,24.375,7.98,11.37,13.4,15.44,11.51,10.45,5.23,4.83,4.44,4.04,5.2,6.55,9.32,10.83,12.38,10.83,8.19,7.49,5.78,4.07,0.93,1.3,-0.04,2.81,5.79,8.25,9.78,8.99,4.74,0.09,-4.86,-13.91,-8.28,-8.23,-8.18,-8.12,-6.01,0.73,5.35,2.65,-0.14,-2.05,-4.83,-10.17,-7.41,-2.91,1.45,3.96,6.18,7.56,8.78,9.34,2.48,4.1,4.6,6.67,8.41,9.94,10.68,8.29,4.12,1.97,2.02,2.42,1.98,-2.17,-3.41,-3.64,-3.87,-4.1,-6.7,-4.25,-3.28,3.48,-2.99,-4.33,0.85,0.76,-11.15,-7.61,-14.66,-16.36,-14.29,-13.38,-2.68,-5.51,-2.96,-3.16,0.08,-1.45,-0.29,-6.55,-7.51,-4.28,-1.78,1.02,4.22,8.9,8.77,4.57,0.42,-6.13,-6.84,-4.79,-6.79,-7.1,-11.68,-5.0,-2.24,7.84,-2.85,3.08,-2.37,-10.11,-12.06,-18.06,-15.26,-12.54,-9.45,-3.05,6.13,6.85,5.31,14.21,3.91,-4.38,-4.24,-5.06,-10.65,-9.65,-3.43,1.48
98,49.625,24.375,7.98,11.37,13.4,15.44,11.51,10.45,5.23,4.83,4.44,4.04,5.2,6.55,9.32,10.83,12.38,10.83,8.19,7.49,5.78,4.07,0.93,1.3,-0.04,2.81,5.79,8.25,9.78,8.99,4.74,0.09,-4.86,-13.91,-8.28,-8.23,-8.18,-8.12,-6.01,0.73,5.35,2.65,-0.14,-2.05,-4.83,-10.17,-7.41,-2.91,1.45,3.96,6.18,7.56,8.78,9.34,2.48,4.1,4.6,6.67,8.41,9.94,10.68,8.29,4.12,1.97,2.02,2.42,1.98,-2.17,-3.41,-3.64,-3.87,-4.1,-6.7,-4.25,-3.28,3.48,-2.99,-4.33,0.85,0.76,-11.15,-7.61,-14.66,-16.36,-14.29,-13.38,-2.68,-5.51,-2.96,-3.16,0.08,-1.45,-0.29,-6.55,-7.51,-4.28,-1.78,1.02,4.22,8.9,8.77,4.57,0.42,-6.13,-6.84,-4.79,-6.79,-7.1,-11.68,-5.0,-2.24,7.84,-2.85,3.08,-2.37,-10.11,-12.06,-18.06,-15.26,-12.54,-9.45,-3.05,6.13,6.85,5.31,14.21,3.91,-4.38,-4.24,-5.06,-10.65,-9.65,-3.43,1.48
99,52.625,24.625,8.97,10.62,15.26,19.9,12.6,10.36,2.0,2.33,2.64,2.97,4.01,6.58,9.15,10.09,11.07,9.67,7.35,5.16,1.55,-2.07,-1.09,-1.83,-3.03,-0.01,3.15,4.71,7.17,5.12,1.45,-3.03,-7.59,-10.19,-19.07,-14.95,-10.96,-6.83,-4.43,-0.15,4.45,2.19,-0.15,-4.93,-5.27,-7.84,-5.87,-2.9,-0.03,2.45,4.8,6.2,7.47,7.77,4.41,0.26,2.15,5.83,8.52,11.25,12.68,5.09,0.74,-0.43,-0.61,1.99,3.84,-1.52,-1.24,-1.38,-1.51,-1.64,-1.0,-3.79,0.27,3.85,0.61,0.18,0.62,-3.13,-11.28,-7.23,-13.69,-11.42,-8.73,-9.93,-3.9,-5.85,-4.91,-0.56,-0.53,-2.02,-6.57,-8.71,-8.67,-6.3,-3.14,-3.25,1.21,5.98,6.98,3.6,-0.28,-6.72,-10.1,-4.54,-7.24,-4.96,-5.28,0.09,2.95,8.17,7.04,6.73,2.61,-0.51,-1.09,-4.17,-8.76,-5.75,-5.41,-1.07,5.1,5.14,6.98,13.34,2.92,-3.0,-5.78,-5.91,-13.55,-11.86,-4.71,-1.05
100,52.375,24.625,8.97,10.62,15.26,19.9,12.6,10.36,2.0,2.33,2.64,2.97,4.01,6.58,9.15,10.09,11.07,9.67,7.35,5.16,1.55,-2.07,-1.09,-1.83,-3.03,-0.01,3.15,4.71,7.17,5.12,1.45,-3.03,-7.59,-10.19,-19.07,-14.95,-10.96,-6.83,-4.43,-0.15,4.45,2.19,-0.15,-4.93,-5.27,-7.84,-5.87,-2.9,-0.03,2.45,4.8,6.2,7.47,7.77,4.41,0.26,2.15,5.83,8.52,11.25,12.68,5.09,0.74,-0.43,-0.61,1.99,3.84,-1.52,-1.24,-1.38,-1.51,-1.64,-1.0,-3.79,0.27,3.85,0.61,0.18,0.62,-3.13,-11.28,-7.23,-13.69,-11.42,-8.73,-9.93,-3.9,-5.85,-4.91,-0.56,-0.53,-2.02,-6.57,-8.71,-8.67,-6.3,-3.14,-3.25,1.21,5.98,6.98,3.6,-0.28,-6.72,-10.1,-4.54,-7.24,-4.96,-5.28,0.09,2.95,8.17,7.04,6.73,2.61,-0.51,-1.09,-4.17,-8.76,-5.75,-5.41,-1.07,5.1,5.14,6.98,13.34,2.92,-3.0,-5.78,-5.91,-13.55,-11.86,-4.71,-1.05
101,52.125,24.625,9.42,10.52,14.8,19.07,12.56,14.35,2.43,2.4,2.37,2.34,4.15,6.53,9.26,10.3,11.38,9.51,7.61,5.7,1.53,-2.64,-2.43,-1.99,-2.67,0.32,3.44,4.05,6.77,4.57,0.95,-3.29,-7.63,-10.58,-20.68,-15.96,-11.39,-6.68,-0.4,-0.48,1.97,1.16,0.32,-4.54,-5.75,-7.02,-5.07,-2.41,0.17,2.96,4.89,6.18,7.47,7.55,4.36,0.52,1.28,4.26,6.99,9.59,11.65,5.6,1.34,0.07,0.29,2.44,3.83,-0.68,-1.13,-1.59,-2.04,-2.51,-2.65,-3.74,0.79,2.85,-0.45,0.18,-0.88,-4.58,-11.21,-5.77,-13.61,-12.81,-8.49,-8.11,-3.02,-4.56,-2.41,-4.4,-3.98,-2.46,-7.54,-8.36,-10.14,-5.81,-2.53,-3.95,1.34,5.13,7.19,2.82,0.34,-7.02,-7.33,-5.8,-8.07,-5.44,-3.79,-2.31,3.73,8.53,6.75,6.29,3.95,0.11,-0.51,-3.99,-8.84,-4.74,-4.08,0.26,5.76,5.74,8.04,8.0,3.59,-1.09,-4.04,-4.25,-9.39,-13.06,-3.79,-0.25
102,51.875,24.625,10.15,11.7,15.77,19.84,12.57,13.62,3.94,4.14,4.33,4.54,6.24,8.97,10.69,11.71,12.76,10.99,8.45,7.52,4.24,0.96,-0.14,-0.38,-1.55,1.48,4.65,5.98,8.4,6.36,2.5,-2.4,-7.39,-9.99,-18.12,-14.96,-11.9,-8.75,-3.94,-0.44,4.99,3.17,1.3,-5.73,-6.88,-10.87,-7.93,-3.49,0.8,3.89,5.91,7.37,8.81,9.11,4.41,1.39,3.42,7.32,10.07,12.72,14.21,7.3,3.34,1.93,1.87,3.05,4.94,-1.81,-1.77,-2.21,-2.63,-3.07,-4.25,-3.71,-0.58,3.42,-2.46,-2.72,-0.68,-3.61,-14.83,-7.69,-16.32,-17.32,-13.37,-14.09,-4.89,-9.73,-7.04,-4.67,-5.04,-3.95,-4.84,-8.75,-10.54,-5.46,-2.64,-2.68,2.75,6.77,8.33,2.5,-1.41,-8.17,-8.47,-4.61,-7.81,-4.67,-7.28,-3.28,2.29,9.25,3.31,5.02,0.39,-2.92,-2.85,-8.24,-11.94,-7.22,-8.36,-0.48,7.43,7.26,8.17,14.17,4.87,-1.12,-3.37,-4.91,-12.28,-15.13,-4.82,0.37
103,51.625,24.625,10.15,11.7,15.77,19.84,12.57,13.62,3.94,4.14,4.33,4.54,6.24,8.97,10.69,11.71,12.76,10.99,8.45,7.52,4.24,0.96,-0.14,-0.38,-1.55,1.48,4.65,5.98,8.4,6.36,2.5,-2.4,-7.39,-9.99,-18.12,-14.96,-11.9,-8.75,-3.94,-0.44,4.99,3.17,1.3,-5.73,-6.88,-10.87,-7.93,-3.49,0.8,3.89,5.91,7.37,8.81,9.11,4.41,1.39,3.42,7.32,10.07,12.72,14.21,7.3,3.34,1.93,1.87,3.05,4.94,-1.81,-1.77,-2.21,-2.63,-3.07,-4.25,-3.71,-0.58,3.42,-2.46,-2.72,-0.68,-3.61,-14.83,-7.69,-16.32,-17.32,-13.37,-14.09,-4.89,-9.73,-7.04,-4.67,-5.04,-3.95,-4.84,-8.75,-10.54,-5.46,-2.64,-2.68,2.75,6.77,8.33,2.5,-1.41,-8.17,-8.47,-4.61,-7.81,-4.67,-7.28,-3.28,2.29,9.25,3.31,5.02,0.39,-2.92,-2.85,-8.24,-11.94,-7.22,-8.36,-0.48,7.43,7.26,8.17,14.17,4.87,-1.12,-3.37,-4.91,-12.28,-15.13,-4.82,0.37
104,50.875,24.625,10.77,12.62,15.17,17.73,13.12,14.02,6.39,6.19,5.99,5.79,7.29,8.69,11.21,12.45,13.73,12.21,9.89,9.45,6.71,3.96,0.86,1.29,0.19,2.86,5.66,7.55,9.62,8.17,4.12,-0.61,-5.5,-10.06,-12.87,-11.42,-10.01,-8.55,-1.39,-0.64,5.83,3.54,1.17,-4.14,-8.03,-12.13,-8.61,-3.43,1.58,4.75,6.5,8.03,9.59,10.15,4.45,3.27,3.46,5.89,8.3,10.64,12.21,8.43,4.63,2.94,2.9,3.41,3.74,-1.31,-2.48,-3.03,-3.57,-4.12,-7.05,-3.71,-1.39,3.44,-4.02,-2.63,-0.99,-1.72,-14.3,-6.8,-16.23,-19.64,-14.67,-15.93,-4.99,-10.56,-6.58,-5.74,-5.81,-2.71,-2.85,-8.03,-10.95,-4.5,-2.4,-1.83,3.96,8.29,9.18,2.02,-1.5,-7.47,-8.76,-5.22,-9.23,-6.29,-8.88,-6.91,-0.75,6.34,0.19,3.77,-2.58,-7.67,-7.66,-14.97,-13.88,-10.05,-11.1,-1.24,7.78,8.32,7.46,10.51,5.89,-0.19,-2.37,-4.65,-11.26,-17.52,-6.0,0.52
105,50.625,24.625,10.77,12.62,15.17,17.73,13.12,14.02,6.39,6.19,5.99,5.79,7.29,8.69,11.21,12.45,13.73,12.21,9.89,9.45,6.71,3.96,0.86,1.29,0.19,2.86,5.66,7.55,9.62,8.17,4.12,-0.61,-5.5,-10.06,-12.87,-11.42,-10.01,-8.55,-1.39,-0.64,5.83,3.54,1.17,-4.14,-8.03,-12.13,-8.61,-3.43,1.58,4.75,6.5,8.03,9.59,10.15,4.45,3.27,3.46,5.89,8.3,10.64,12.21,8.43,4.63,2.94,2.9,3.41,3.74,-1.31,-2.48,-3.03,-3.57,-4.12,-7.05,-3.71,-1.39,3.44,-4.02,-2.63,-0.99,-1.72,-14.3,-6.8,-16.23,-19.64,-14.67,-15.93,-4.99,-10.56,-6.58,-5.74,-5.81,-2.71,-2.85,-8.03,-10.95,-4.5,-2.4,-1.83,3.96,8.29,9.18,2.02,-1.5,-7.47,-8.76,-5.22,-9.23,-6.29,-8.88,-6.91,-0.75,6.34,0.19,3.77,-2.58,-7.67,-7.66,-14.97,-13.88,-10.05,-11.1,-1.24,7.78,8.32,7.46,10.51,5.89,-0.19,-2.37,-4.65,-11.26,-17.52,-6.0,0.52
106,50.375,24.625,10.77,12.62,15.17,17.73,13.12,14.02,6.39,6.19,5.99,5.79,7.29,8.69,11.21,12.45,13.73,12.21,9.89,9.45,6.71,3.96,0.86,1.29,0.19,2.86,5.66,7.55,9.62,8.17,4.12,-0.61,-5.5,-10.06,-12.87,-11.42,-10.01,-8.55,-1.39,-0.64,5.83,3.54,1.17,-4.14,-8.03,-12.13,-8.61,-3.43,1.58,4.75,6.5,8.03,9.59,10.15,4.45,3.27,3.46,5.89,8.3,10.64,12.21,8.43,4.63,2.94,2.9,3.41,3.74,-1.31,-2.48,-3.03,-3.57,-4.12,-7.05,-3.71,-1.39,3.44,-4.02,-2.63,-0.99,-1.72,-14.3,-6.8,-16.23,-19.64,-14.67,-15.93,-4.99,-10.56,-6.58,-5.74,-5.81,-2.71,-2.85,-8.03,-10.95,-4.5,-2.4,-1.83,3.96,8.29,9.18,2.02,-1.5,-7.47,-8.76,-5.22,-9.23,-6.29,-8.88,-6.91,-0.75,6.34,0.19,3.77,-2.58,-7.67,-7.66,-14.97,-13.88,-10.05,-11.1,-1.24,7.78,8.32,7.46,10.51,5.89,-0.19,-2.37,-4.65,-11.26,-17.52,-6.0,0.52
107,50.125,24.625,10.77,12.62,15.17,17.73,13.12,14.02,6.39,6.19,5.99,5.79,7.29,8.69,11.21,12.45,13.73,12.21,9.89,9.45,6.71,3.96,0.86,1.29,0.19,2.86,5.66,7.55,9.62,8.17,4.12,-0.61,-5.5,-10.06,-12.87,-11.42,-10.01,-8.55,-1.39,-0.64,5.83,3.54,1.17,-4.14,-8.03,-12.13,-8.61,-3.43,1.58,4.75,6.5,8.03,9.59,10.15,4.45,3.27,3.46,5.89,8.3,10.64,12.21,8.43,4.63,2.94,2.9,3.41,3.74,-1.31,-2.48,-3.03,-3.57,-4.12,-7.05,-3.71,-1.39,3.44,-4.02,-2.63,-0.99,-1.72,-14.3,-6.8,-16.23,-19.64,-14.67,-15.93,-4.99,-10.56,-6.58,-5.74,-5.81,-2.71,-2.85,-8.03,-10.95,-4.5,-2.4,-1.83,3.96,8.29,9.18,2.02,-1.5,-7.47,-8.76,-5.22,-9.23,-6.29,-8.88,-6.91,-0.75,6.34,0.19,3.77,-2.58,-7.67,-7.66,-14.97,-13.88,-10.05,-11.1,-1.24,7.78,8.32,7.46,10.51,5.89,-0.19,-2.37,-4.65,-11.26,-17.52,-6.0,0.52
108,49.875,24.625,10.77,12.62,15.17,17.73,13.12,14.02,6.39,6.19,5.99,5.79,7.29,8.69,11.21,12.45,13.73,12.21,9.89,9.45,6.71,3.96,0.86,1.29,0.19,2.86,5.66,7.55,9.62,8.17,4.12,-0.61,-5.5,-10.06,-12.87,-11.42,-10.01,-8.55,-1.39,-0.64,5.83,3.54,1.17,-4.14,-8.03,-12.13,-8.61,-3.43,1.58,4.75,6.5,8.03,9.59,10.15,4.45,3.27,3.46,5.89,8.3,10.64,12.21,8.43,4.63,2.94,2.9,3.41,3.74,-1.31,-2.48,-3.03,-3.57,-4.12,-7.05,-3.71,-1.39,3.44,-4.02,-2.63,-0.99,-1.72,-14.3,-6.8,-16.23,-19.64,-14.67,-15.93,-4.99,-10.56,-6.58,-5.74,-5.81,-2.71,-2.85,-8.03,-10.95,-4.5,-2.4,-1.83,3.96,8.29,9.18,2.02,-1.5,-7.47,-8.76,-5.22,-9.23,-6.29,-8.88,-6.91,-0.75,6.34,0.19,3.77,-2.58,-7.67,-7.66,-14.97,-13.88,-10.05,-11.1,-1.24,7.78,8.32,7.46,10.51,5.89,-0.19,-2.37,-4.65,-11.26,-17.52,-6.0,0.52
109,49.625,24.625,10.08,12.69,14.44,16.18,13.1,13.24,7.31,6.65,6.01,5.34,7.41,7.85,10.78,12.33,13.93,12.27,10.46,9.57,7.15,4.72,0.6,1.99,1.39,4.32,7.37,9.16,10.14,10.05,5.77,1.41,-3.2,-11.1,-9.15,-8.25,-7.39,-6.5,0.96,0.73,6.74,2.42,-2.04,-1.71,-7.12,-10.42,-6.91,-1.9,2.95,6.03,7.29,8.61,10.05,10.67,2.73,5.59,4.02,6.34,9.55,10.5,11.36,10.66,6.0,4.17,4.1,3.21,2.4,-0.16,-2.34,-2.98,-3.6,-4.24,-8.39,-3.27,-0.8,3.46,-2.04,-1.41,0.01,1.2,-10.31,-5.97,-14.36,-18.36,-13.41,-14.09,-4.82,-7.81,-3.22,-5.97,-4.64,-0.31,-2.37,-8.42,-11.16,-4.3,-1.72,-2.0,4.0,8.16,9.17,2.04,-2.22,-5.86,-7.95,-7.59,-12.27,-10.05,-9.29,-9.62,-2.96,2.93,-2.7,2.5,-5.92,-11.65,-13.22,-20.53,-15.35,-13.54,-9.44,-3.56,4.94,6.23,4.8,10.01,3.01,-2.5,-3.9,-7.15,-12.92,-20.14,-8.6,-1.72
110,52.375,24.875,9.42,10.52,14.8,19.07,12.56,14.35,2.43,2.4,2.37,2.34,4.15,6.53,9.26,10.3,11.38,9.51,7.61,5.7,1.53,-2.64,-2.43,-1.99,-2.67,0.32,3.44,4.05,6.77,4.57,0.95,-3.29,-7.63,-10.58,-20.68,-15.96,-11.39,-6.68,-0.4,-0.48,1.97,1.16,0.32,-4.54,-5.75,-7.02,-5.07,-2.41,0.17,2.96,4.89,6.18,7.47,7.55,4.36,0.52,1.28,4.26,6.99,9.59,11.65,5.6,1.34,0.07,0.29,2.44,3.83,-0.68,-1.13,-1.59,-2.04,-2.51,-2.65,-3.74,0.79,2.85,-0.45,0.18,-0.88,-4.58,-11.21,-5.77,-13.61,-12.81,-8.49,-8.11,-3.02,-4.56,-2.41,-4.4,-3.98,-2.46,-7.54,-8.36,-10.14,-5.81,-2.53,-3.95,1.34,5.13,7.19,2.82,0.34,-7.02,-7.33,-5.8,-8.07,-5.44,-3.79,-2.31,3.73,8.53,6.75,6.29,3.95,0.11,-0.51,-3.99,-8.84,-4.74,-4.08,0.26,5.76,5.74,8.04,8.0,3.59,-1.09,-4.04,-4.25,-9.39,-13.06,-3.79,-0.25
111,52.125,24.875,9.42,10.52,14.8,19.07,12.56,14.35,2.43,2.4,2.37,2.34,4.15,6.53,9.26,10.3,11.38,9.51,7.61,5.7,1.53,-2.64,-2.43,-1.99,-2.67,0.32,3.44,4.05,6.77,4.57,0.95,-3.29,-7.63,-10.58,-20.68,-15.96,-11.39,-6.68,-0.4,-0.48,1.97,1.16,0.32,-4.54,-5.75,-7.02,-5.07,-2.41,0.17,2.96,4.89,6.18,7.47,7.55,4.36,0.52,1.28,4.26,6.99,9.59,11.65,5.6,1.34,0.07,0.29,2.44,3.83,-0.68,-1.13,-1.59,-2.04,-2.51,-2.65,-3.74,0.79,2.85,-0.45,0.18,-0.88,-4.58,-11.21,-5.77,-13.61,-12.81,-8.49,-8.11,-3.02,-4.56,-2.41,-4.4,-3.98,-2.46,-7.54,-8.36,-10.14,-5.81,-2.53,-3.95,1.34,5.13,7.19,2.82,0.34,-7.02,-7.33,-5.8,-8.07,-5.44,-3.79,-2.31,3.73,8.53,6.75,6.29,3.95,0.11,-0.51,-3.99,-8.84,-4.74,-4.08,0.26,5.76,5.74,8.04,8.0,3.59,-1.09,-4.04,-4.25,-9.39,-13.06,-3.79,-0.25
112,51.875,24.875,9.42,10.52,14.8,19.07,12.56,14.35,2.43,2.4,2.37,2.34,4.15,6.53,9.26,10.3,11.38,9.51,7.61,5.7,1.53,-2.64,-2.43,-1.99,-2.67,0.32,3.44,4.05,6.77,4.57,0.95,-3.29,-7.63,-10.58,-20.68,-15.96,-11.39,-6.68,-0.4,-0.48,1.97,1.16,0.32,-4.54,-5.75,-7.02,-5.07,-2.41,0.17,2.96,4.89,6.18,7.47,7.55,4.36,0.52,1.28,4.26,6.99,9.59,11.65,5.6,1.34,0.07,0.29,2.44,3.83,-0.68,-1.13,-1.59,-2.04,-2.51,-2.65,-3.74,0.79,2.85,-0.45,0.18,-0.88,-4.58,-11.21,-5.77,-13.61,-12.81,-8.49,-8.11,-3.02,-4.56,-2.41,-4.4,-3.98,-2.46,-7.54,-8.36,-10.14,-5.81,-2.53,-3.95,1.34,5.13,7.19,2.82,0.34,-7.02,-7.33,-5.8,-8.07,-5.44,-3.79,-2.31,3.73,8.53,6.75,6.29,3.95,0.11,-0.51,-3.99,-8.84,-4.74,-4.08,0.26,5.76,5.74,8.04,8.0,3.59,-1.09,-4.04,-4.25,-9.39,-13.06,-3.79,-0.25
113,50.875,24.875,10.77,12.62,15.17,17.73,13.12,14.02,6.39,6.19,5.99,5.79,7.29,8.69,11.21,12.45,13.73,12.21,9.89,9.45,6.71,3.96,0.86,1.29,0.19,2.86,5.66,7.55,9.62,8.17,4.12,-0.61,-5.5,-10.06,-12.87,-11.42,-10.01,-8.55,-1.39,-0.64,5.83,3.54,1.17,-4.14,-8.03,-12.13,-8.61,-3.43,1.58,4.75,6.5,8.03,9.59,10.15,4.45,3.27,3.46,5.89,8.3,10.64,12.21,8.43,4.63,2.94,2.9,3.41,3.74,-1.31,-2.48,-3.03,-3.57,-4.12,-7.05,-3.71,-1.39,3.44,-4.02,-2.63,-0.99,-1.72,-14.3,-6.8,-16.23,-19.64,-14.67,-15.93,-4.99,-10.56,-6.58,-5.74,-5.81,-2.71,-2.85,-8.03,-10.95,-4.5,-2.4,-1.83,3.96,8.29,9.18,2.02,-1.5,-7.47,-8.76,-5.22,-9.23,-6.29,-8.88,-6.91,-0.75,6.34,0.19,3.77,-2.58,-7.67,-7.66,-14.97,-13.88,-10.05,-11.1,-1.24,7.78,8.32,7.46,10.51,5.89,-0.19,-2.37,-4.65,-11.26,-17.52,-6.0,0.52
114,50.625,24.875,10.77,12.62,15.17,17.73,13.12,14.02,6.39,6.19,5.99,5.79,7.29,8.69,11.21,12.45,13.73,12.21,9.89,9.45,6.71,3.96,0.86,1.29,0.19,2.86,5.66,7.55,9.62,8.17,4.12,-0.61,-5.5,-10.06,-12.87,-11.42,-10.01,-8.55,-1.39,-0.64,5.83,3.54,1.17,-4.14,-8.03,-12.13,-8.61,-3.43,1.58,4.75,6.5,8.03,9.59,10.15,4.45,3.27,3.46,5.89,8.3,10.64,12.21,8.43,4.63,2.94,2.9,3.41,3.74,-1.31,-2.48,-3.03,-3.57,-4.12,-7.05,-3.71,-1.39,3.44,-4.02,-2.63,-0.99,-1.72,-14.3,-6.8,-16.23,-19.64,-14.67,-15.93,-4.99,-10.56,-6.58,-5.74,-5.81,-2.71,-2.85,-8.03,-10.95,-4.5,-2.4,-1.83,3.96,8.29,9.18,2.02,-1.5,-7.47,-8.76,-5.22,-9.23,-6.29,-8.88,-6.91,-0.75,6.34,0.19,3.77,-2.58,-7.67,-7.66,-14.97,-13.88,-10.05,-11.1,-1.24,7.78,8.32,7.46,10.51,5.89,-0.19,-2.37,-4.65,-11.26,-17.52,-6.0,0.52
115,50.125,24.875,10.77,12.62,15.17,17.73,13.12,14.02,6.39,6.19,5.99,5.79,7.29,8.69,11.21,12.45,13.73,12.21,9.89,9.45,6.71,3.96,0.86,1.29,0.19,2.86,5.66,7.55,9.62,8.17,4.12,-0.61,-5.5,-10.06,-12.87,-11.42,-10.01,-8.55,-1.39,-0.64,5.83,3.54,1.17,-4.14,-8.03,-12.13,-8.61,-3.43,1.58,4.75,6.5,8.03,9.59,10.15,4.45,3.27,3.46,5.89,8.3,10.64,12.21,8.43,4.63,2.94,2.9,3.41,3.74,-1.31,-2.48,-3.03,-3.57,-4.12,-7.05,-3.71,-1.39,3.44,-4.02,-2.63,-0.99,-1.72,-14.3,-6.8,-16.23,-19.64,-14.67,-15.93,-4.99,-10.56,-6.58,-5.74,-5.81,-2.71,-2.85,-8.03,-10.95,-4.5,-2.4,-1.83,3.96,8.29,9.18,2.02,-1.5,-7.47,-8.76,-5.22,-9.23,-6.29,-8.88,-6.91,-0.75,6.34,0.19,3.77,-2.58,-7.67,-7.66,-14.97,-13.88,-10.05,-11.1,-1.24,7.78,8.32,7.46,10.51,5.89,-0.19,-2.37,-4.65,-11.26,-17.52,-6.0,0.52
116,49.875,24.875,10.77,12.62,15.17,17.73,13.12,14.02,6.39,6.19,5.99,5.79,7.29,8.69,11.21,12.45,13.73,12.21,9.89,9.45,6.71,3.96,0.86,1.29,0.19,2.86,5.66,7.55,9.62,8.17,4.12,-0.61,-5.5,-10.06,-12.87,-11.42,-10.01,-8.55,-1.39,-0.64,5.83,3.54,1.17,-4.14,-8.03,-12.13,-8.61,-3.43,1.58,4.75,6.5,8.03,9.59,10.15,4.45,3.27,3.46,5.89,8.3,10.64,12.21,8.43,4.63,2.94,2.9,3.41,3.74,-1.31,-2.48,-3.03,-3.57,-4.12,-7.05,-3.71,-1.39,3.44,-4.02,-2.63,-0.99,-1.72,-14.3,-6.8,-16.23,-19.64,-14.67,-15.93,-4.99,-10.56,-6.58,-5.74,-5.81,-2.71,-2.85,-8.03,-10.95,-4.5,-2.4,-1.83,3.96,8.29,9.18,2.02,-1.5,-7.47,-8.76,-5.22,-9.23,-6.29,-8.88,-6.91,-0.75,6.34,0.19,3.77,-2.58,-7.67,-7.66,-14.97,-13.88,-10.05,-11.1,-1.24,7.78,8.32,7.46,10.51,5.89,-0.19,-2.37,-4.65,-11.26,-17.52,-6.0,0.52
117,49.625,24.875,10.08,12.69,14.44,16.18,13.1,13.24,7.31,6.65,6.01,5.34,7.41,7.85,10.78,12.33,13.93,12.27,10.46,9.57,7.15,4.72,0.6,1.99,1.39,4.32,7.37,9.16,10.14,10.05,5.77,1.41,-3.2,-11.1,-9.15,-8.25,-7.39,-6.5,0.96,0.73,6.74,2.42,-2.04,-1.71,-7.12,-10.42,-6.91,-1.9,2.95,6.03,7.29,8.61,10.05,10.67,2.73,5.59,4.02,6.34,9.55,10.5,11.36,10.66,6.0,4.17,4.1,3.21,2.4,-0.16,-2.34,-2.98,-3.6,-4.24,-8.39,-3.27,-0.8,3.46,-2.04,-1.41,0.01,1.2,-10.31,-5.97,-14.36,-18.36,-13.41,-14.09,-4.82,-7.81,-3.22,-5.97,-4.64,-0.31,-2.37,-8.42,-11.16,-4.3,-1.72,-2.0,4.0,8.16,9.17,2.04,-2.22,-5.86,-7.95,-7.59,-12.27,-10.05,-9.29,-9.62,-2.96,2.93,-2.7,2.5,-5.92,-11.65,-13.22,-20.53,-15.35,-13.54,-9.44,-3.56,4.94,6.23,4.8,10.01,3.01,-2.5,-3.9,-7.15,-12.92,-20.14,-8.6,-1.72
118,49.875,25.125,10.08,12.69,14.44,16.18,13.1,13.24,7.31,6.65,6.01,5.34,7.41,7.85,10.78,12.33,13.93,12.27,10.46,9.57,7.15,4.72,0.6,1.99,1.39,4.32,7.37,9.16,10.14,10.05,5.77,1.41,-3.2,-11.1,-9.15,-8.25,-7.39,-6.5,0.96,0.73,6.74,2.42,-2.04,-1.71,-7.12,-10.42,-6.91,-1.9,2.95,6.03,7.29,8.61,10.05,10.67,2.73,5.59,4.02,6.34,9.55,10.5,11.36,10.66,6.0,4.17,4.1,3.21,2.4,-0.16,-2.34,-2.98,-3.6,-4.24,-8.39,-3.27,-0.8,3.46,-2.04,-1.41,0.01,1.2,-10.31,-5.97,-14.36,-18.36,-13.41,-14.09,-4.82,-7.81,-3.22,-5.97,-4.64,-0.31,-2.37,-8.42,-11.16,-4.3,-1.72,-2.0,4.0,8.16,9.17,2.04,-2.22,-5.86,-7.95,-7.59,-12.27,-10.05,-9.29,-9.62,-2.96,2.93,-2.7,2.5,-5.92,-11.65,-13.22,-20.53,-15.35,-13.54,-9.44,-3.56,4.94,6.23,4.8,10.01,3.01,-2.5,-3.9,-7.15,-12.92,-20.14,-8.6,-1.72
119,49.625,25.125,10.08,12.69,14.44,16.18,13.1,13.24,7.31,6.65,6.01,5.34,7.41,7.85,10.78,12.33,13.93,12.27,10.46,9.57,7.15,4.72,0.6,1.99,1.39,4.32,7.37,9.16,10.14,10.05,5.77,1.41,-3.2,-11.1,-9.15,-8.25,-7.39,-6.5,0.96,0.73,6.74,2.42,-2.04,-1.71,-7.12,-10.42,-6.91,-1.9,2.95,6.03,7.29,8.61,10.05,10.67,2.73,5.59,4.02,6.34,9.55,10.5,11.36,10.66,6.0,4.17,4.1,3.21,2.4,-0.16,-2.34,-2.98,-3.6,-4.24,-8.39,-3.27,-0.8,3.46,-2.04,-1.41,0.01,1.2,-10.31,-5.97,-14.36,-18.36,-13.41,-14.09,-4.82,-7.81,-3.22,-5.97,-4.64,-0.31,-2.37,-8.42,-11.16,-4.3,-1.72,-2.0,4.0,8.16,9.17,2.04,-2.22,-5.86,-7.95,-7.59,-12.27,-10.05,-9.29,-9.62,-2.96,2.93,-2.7,2.5,-5.92,-11.65,-13.22,-20.53,-15.35,-13.54,-9.44,-3.56,4.94,6.23,4.8,10.01,3.01,-2.5,-3.9,-7.15,-12.92,-20.14,-8.6,-1.72
